-- MySQL dump 10.16  Distrib 10.1.38-MariaDB, for debian-linux-gnu (x86_64)
--
-- Host: db    Database: boardsDataBase
-- ------------------------------------------------------
-- Server version	10.1.26-MariaDB-0+deb9u1

/*!40101 SET @OLD_CHARACTER_SET_CLIENT=@@CHARACTER_SET_CLIENT */;
/*!40101 SET @OLD_CHARACTER_SET_RESULTS=@@CHARACTER_SET_RESULTS */;
/*!40101 SET @OLD_COLLATION_CONNECTION=@@COLLATION_CONNECTION */;
/*!40101 SET NAMES utf8 */;
/*!40103 SET @OLD_TIME_ZONE=@@TIME_ZONE */;
/*!40103 SET TIME_ZONE='+00:00' */;
/*!40014 SET @OLD_UNIQUE_CHECKS=@@UNIQUE_CHECKS, UNIQUE_CHECKS=0 */;
/*!40014 SET @OLD_FOREIGN_KEY_CHECKS=@@FOREIGN_KEY_CHECKS, FOREIGN_KEY_CHECKS=0 */;
/*!40101 SET @OLD_SQL_MODE=@@SQL_MODE, SQL_MODE='NO_AUTO_VALUE_ON_ZERO' */;
/*!40111 SET @OLD_SQL_NOTES=@@SQL_NOTES, SQL_NOTES=0 */;

--
-- Table structure for table `objectTypes`
--

DROP TABLE IF EXISTS `objectTypes`;
/*!40101 SET @saved_cs_client     = @@character_set_client */;
/*!40101 SET character_set_client = utf8 */;
CREATE TABLE `objectTypes` (
  `type` varchar(50) NOT NULL,
  `spareSamples` smallint(6) NOT NULL,
  `typeImage` varchar(50) DEFAULT NULL,
  UNIQUE KEY `type_UNIQUE` (`type`),
  KEY `idx_objectTypes_type` (`type`)
) ENGINE=InnoDB DEFAULT CHARSET=utf8;
/*!40101 SET character_set_client = @saved_cs_client */;

--
-- Dumping data for table `objectTypes`
--

LOCK TABLES `objectTypes` WRITE;
/*!40000 ALTER TABLE `objectTypes` DISABLE KEYS */;
INSERT INTO `objectTypes` VALUES ('Кабель C-007 — DB-50',0,NULL),('Кабель C-007 — РП-15',1,NULL),('Кабель CAN-200PCI-C — DB-50',0,NULL),('Кабель DB-50M — DB-50M',4,NULL),('Кабель PCI-1002  —  РП-15',0,NULL),('Кабель PCI-1602 — DB-50',1,NULL),('Кабель PCI-1602 — РП-15',0,NULL),('Кабель PCI-6208V — РП-15',0,NULL),('Кабель PCI-6216V — DB-50',0,NULL),('Кабель PCI-6216V — РП-15',0,NULL),('Кабель PCI429-3-88С — DB-50',2,NULL),('Кабель PCI429-3-88С — РП-15',1,NULL),('Кабель PCI429-4-3C — DB-50',2,NULL),('Кабель PCI429-4-3С — РП-15',0,NULL),('Кабель PCI429-5С — DB-50',0,NULL),('Кабель PISO-DA16U — DB-50',0,NULL),('Кабель PISO-P32C32 - РП-15',0,NULL),('Кабель PISO-P64 — DB-50',2,NULL),('Кабель PISO-P64 — РП-15',0,NULL),('Кабель TA1-PCI-32RT-C — РС4ТВ',2,NULL),('Кабель TA1-PCI-32RT-C — СРТ-75',1,NULL),('Кабель TA1-PCI4-04-C — РС4ТВ',4,NULL),('Кабель питания РК 64 PCI',24,NULL),('Кабель ПРК PCI-S — DB-50',16,NULL),('Кабель РК 64 PCI — DB-50',23,NULL),('Кабель РС4ТВ — РС4ТВ',2,NULL),('Кабель СКТ-16 PCI — DB-50',0,NULL),('КС2-1-М2',20,NULL),('КС2-2-М2',16,NULL),('КС2-4-М2',4,NULL),('КСР2-1-С',18,NULL),('КСР2-2-С',2,NULL),('Плата C007',13,NULL),('Плата CAN-200PCI-C',47,NULL),('Плата CAN-bus-PCI',1,NULL),('Плата CP-104UL V2',1,NULL),('Плата CP-132',0,NULL),('Плата I-461 PCI-E 4S1P',1,NULL),('Плата PC429-3-88C ISA',4,NULL),('Плата PCI-1002',0,NULL),('Плата PCI-1002L',0,NULL),('Плата PCI-1602',4,NULL),('Плата PCI-1602F',5,NULL),('Плата PCI-1602FU',2,NULL),('Плата PCI-1602U',28,NULL),('Плата PCI-6208V',2,NULL),('Плата PCI-6216V',4,NULL),('Плата PCI-6216V-GL',7,NULL),('Плата PCI429-3-88C',20,NULL),('Плата PCI429-4-1C',42,NULL),('Плата PCI429-4-3C',46,NULL),('Плата PCI429-5C',1,NULL),('Плата PISO-DA16U',22,NULL),('Плата PISO-P32C32',2,NULL),('Плата PISO-P64',3,NULL),('Плата SD-PC-11-C',29,NULL),('Плата TA1-PCI-32RT-C',0,NULL),('Плата TA1-PCI4-02-C',3,NULL),('Плата TA1-PCI4-04-C',26,NULL),('Плата TE6-PCI-C',3,NULL),('Плата ПРК PCI-S',12,NULL),('Плата РК 64 PCI',11,NULL),('Плата СКТ-16 (ISA)',1,NULL),('Плата СКТ-16 PCI',0,NULL),('тест',1,NULL),('Шлейф ПРК PCI-S — DB-50F',23,NULL);
/*!40000 ALTER TABLE `objectTypes` ENABLE KEYS */;
UNLOCK TABLES;

--
-- Table structure for table `objects`
--

DROP TABLE IF EXISTS `objects`;
/*!40101 SET @saved_cs_client     = @@character_set_client */;
/*!40101 SET character_set_client = utf8 */;
CREATE TABLE `objects` (
  `objId` int(50) NOT NULL AUTO_INCREMENT,
  `serialNumber` varchar(50) NOT NULL,
  `isFree` tinyint(1) NOT NULL,
  `type` varchar(50) NOT NULL,
  `isVerified` tinyint(1) NOT NULL DEFAULT '0',
  `objComment` text,
  UNIQUE KEY `objId` (`objId`),
  KEY `idx_objects_type` (`type`),
  CONSTRAINT `fk_objects_1` FOREIGN KEY (`type`) REFERENCES `objectTypes` (`type`) ON DELETE CASCADE ON UPDATE CASCADE
) ENGINE=InnoDB AUTO_INCREMENT=975 DEFAULT CHARSET=utf8;
/*!40101 SET character_set_client = @saved_cs_client */;

--
-- Dumping data for table `objects`
--

LOCK TABLES `objects` WRITE;
/*!40000 ALTER TABLE `objects` DISABLE KEYS */;
INSERT INTO `objects` VALUES (2,'15707',0,'Плата PCI429-4-3C',0,NULL),(3,'15708',0,'Плата PCI429-4-3C',0,NULL),(4,'15709',0,'Плата PCI429-4-3C',0,NULL),(5,'15710',1,'Плата PCI429-4-3C',0,NULL),(6,'15712',1,'Плата PCI429-4-3C',0,NULL),(7,'15713',1,'Плата PCI429-4-3C',0,NULL),(8,'15714',1,'Плата PCI429-4-3C',0,NULL),(9,'15715',1,'Плата PCI429-4-3C',0,NULL),(10,'15689',0,'Плата PCI429-4-3C',1,NULL),(11,'15685',0,'Плата PCI429-4-3C',0,NULL),(12,'15681',1,'Плата PCI429-4-3C',0,NULL),(13,'15683',0,'Плата PCI429-4-3C',1,NULL),(14,'15684',0,'Плата PCI429-4-3C',0,NULL),(15,'15686',0,'Плата PCI429-4-3C',0,NULL),(16,'15687',0,'Плата PCI429-4-3C',0,NULL),(17,'15688',0,'Плата PCI429-4-3C',1,NULL),(18,'15716',1,'Плата PCI429-4-3C',0,NULL),(19,'15717',1,'Плата PCI429-4-3C',0,NULL),(20,'15718',1,'Плата PCI429-4-3C',0,NULL),(21,'15719',1,'Плата PCI429-4-3C',0,NULL),(22,'15720',1,'Плата PCI429-4-3C',0,NULL),(23,'15721',1,'Плата PCI429-4-3C',0,NULL),(24,'15722',1,'Плата PCI429-4-3C',0,NULL),(25,'15723',1,'Плата PCI429-4-3C',0,NULL),(26,'15724',1,'Плата PCI429-4-3C',0,NULL),(27,'15690',0,'Плата PCI429-4-3C',1,NULL),(28,'15691',0,'Плата PCI429-4-3C',1,NULL),(29,'15692',0,'Плата PCI429-4-3C',1,NULL),(30,'15693',0,'Плата PCI429-4-3C',1,NULL),(31,'15694',0,'Плата PCI429-4-3C',1,NULL),(32,'15695',0,'Плата PCI429-4-3C',1,NULL),(33,'15696',0,'Плата PCI429-4-3C',1,NULL),(34,'15697',0,'Плата PCI429-4-3C',1,NULL),(35,'15672',0,'Плата PCI429-4-3C',0,NULL),(36,'15680',0,'Плата PCI429-4-3C',0,NULL),(37,'15699',0,'Плата PCI429-4-3C',0,NULL),(38,'15698',0,'Плата PCI429-4-3C',0,NULL),(39,'15700',0,'Плата PCI429-4-3C',0,NULL),(40,'15701',0,'Плата PCI429-4-3C',0,NULL),(41,'15702',0,'Плата PCI429-4-3C',0,NULL),(42,'15703',0,'Плата PCI429-4-3C',0,NULL),(43,'15704',0,'Плата PCI429-4-3C',0,NULL),(44,'15705',0,'Плата PCI429-4-3C',0,NULL),(45,'15706',0,'Плата PCI429-4-3C',0,NULL),(46,'07214',1,'Плата PCI429-5C',0,NULL),(47,'14716',1,'Плата PCI429-3-88C',0,NULL),(48,'14717',1,'Плата PCI429-3-88C',0,NULL),(49,'14719',1,'Плата PCI429-3-88C',0,NULL),(50,'14720',1,'Плата PCI429-3-88C',0,NULL),(51,'14721',1,'Плата PCI429-3-88C',0,NULL),(52,'04201',1,'Плата PCI429-3-88C',0,NULL),(53,'14670',1,'Плата PCI429-4-1C',0,NULL),(54,'09306',1,'Плата PCI429-4-1C',0,NULL),(55,'05174',1,'Плата PCI429-4-1C',0,NULL),(56,'14656',1,'Плата PCI429-4-1C',0,NULL),(57,'14657',1,'Плата PCI429-4-1C',0,NULL),(58,'14658',1,'Плата PCI429-4-1C',0,NULL),(59,'14659',1,'Плата PCI429-4-1C',0,NULL),(60,'14660',1,'Плата PCI429-4-1C',0,NULL),(61,'14661',1,'Плата PCI429-4-1C',0,NULL),(62,'14662',1,'Плата PCI429-4-1C',0,NULL),(63,'14663',1,'Плата PCI429-4-1C',0,NULL),(64,'14664',1,'Плата PCI429-4-1C',0,NULL),(65,'05177',1,'Плата PCI429-4-1C',0,NULL),(66,'05178',1,'Плата PCI429-4-1C',0,NULL),(67,'14650',1,'Плата PCI429-4-1C',0,NULL),(68,'14651',1,'Плата PCI429-4-1C',0,NULL),(69,'14652',1,'Плата PCI429-4-1C',0,NULL),(70,'14653',1,'Плата PCI429-4-1C',0,NULL),(71,'14654',1,'Плата PCI429-4-1C',0,NULL),(72,'14655',1,'Плата PCI429-4-1C',0,NULL),(73,'0086',1,'Плата SD-PC-11-C',0,NULL),(74,'0087',1,'Плата SD-PC-11-C',0,NULL),(75,'0088',1,'Плата SD-PC-11-C',0,NULL),(76,'0089',1,'Плата SD-PC-11-C',0,NULL),(77,'0090',1,'Плата SD-PC-11-C',0,NULL),(78,'0091',1,'Плата SD-PC-11-C',0,NULL),(79,'0092',1,'Плата SD-PC-11-C',0,NULL),(80,'0093',1,'Плата SD-PC-11-C',0,NULL),(81,'0094',1,'Плата SD-PC-11-C',0,NULL),(82,'0080',1,'Плата SD-PC-11-C',0,NULL),(83,'0099',1,'Плата SD-PC-11-C',0,NULL),(84,'14681',1,'Плата PCI429-4-1C',0,NULL),(85,'09305',1,'Плата PCI429-4-1C',0,NULL),(86,'05173',1,'Плата PCI429-4-1C',0,NULL),(87,'14675',1,'Плата PCI429-4-1C',0,NULL),(88,'14676',1,'Плата PCI429-4-1C',0,NULL),(89,'14677',1,'Плата PCI429-4-1C',0,NULL),(90,'14678',1,'Плата PCI429-4-1C',0,NULL),(91,'14679',1,'Плата PCI429-4-1C',0,NULL),(92,'14722',1,'Плата PCI429-4-1C',0,NULL),(93,'14723',1,'Плата PCI429-4-1C',0,NULL),(94,'14724',1,'Плата PCI429-4-1C',0,NULL),(95,'14725',1,'Плата PCI429-4-1C',0,NULL),(96,'14665',1,'Плата PCI429-4-1C',0,NULL),(97,'14666',1,'Плата PCI429-4-1C',0,NULL),(98,'14667',1,'Плата PCI429-4-1C',0,NULL),(99,'14668',1,'Плата PCI429-4-1C',0,NULL),(100,'14669',1,'Плата PCI429-4-1C',0,NULL),(101,'14671',1,'Плата PCI429-4-1C',0,NULL),(102,'14672',1,'Плата PCI429-4-1C',0,NULL),(103,'14673',1,'Плата PCI429-4-1C',0,NULL),(104,'14674',1,'Плата PCI429-4-1C',0,NULL),(105,'0095',1,'Плата SD-PC-11-C',0,NULL),(106,'0098',1,'Плата SD-PC-11-C',0,NULL),(107,'0100',1,'Плата SD-PC-11-C',0,NULL),(108,'0101',1,'Плата SD-PC-11-C',0,NULL),(109,'0102',1,'Плата SD-PC-11-C',0,NULL),(110,'0103',1,'Плата SD-PC-11-C',0,NULL),(111,'0104',1,'Плата SD-PC-11-C',0,NULL),(112,'0105',1,'Плата SD-PC-11-C',0,NULL),(113,'0107',1,'Плата SD-PC-11-C',0,NULL),(114,'0076',1,'Плата SD-PC-11-C',0,NULL),(115,'0077',1,'Плата SD-PC-11-C',0,NULL),(116,'0078',1,'Плата SD-PC-11-C',0,NULL),(117,'0079',1,'Плата SD-PC-11-C',0,NULL),(118,'0081',1,'Плата SD-PC-11-C',0,NULL),(119,'0082',1,'Плата SD-PC-11-C',0,NULL),(120,'0083',1,'Плата SD-PC-11-C',0,NULL),(121,'0084',1,'Плата SD-PC-11-C',0,NULL),(122,'0085',1,'Плата SD-PC-11-C',0,NULL),(123,'0249',0,'Плата TA1-PCI-32RT-C',0,NULL),(124,'0263',0,'Плата TA1-PCI-32RT-C',0,NULL),(125,'14680',1,'Плата PCI429-4-1C',0,NULL),(126,'0166',1,'Плата TA1-PCI4-02-C',0,NULL),(127,'0167',1,'Плата TA1-PCI4-02-C',0,NULL),(128,'1416',0,'Плата TA1-PCI4-04-C',0,NULL),(129,'1408',0,'Плата TA1-PCI4-04-C',0,NULL),(130,'1410',0,'Плата TA1-PCI4-04-C',0,NULL),(131,'1411',0,'Плата TA1-PCI4-04-C',0,NULL),(132,'1412',0,'Плата TA1-PCI4-04-C',0,NULL),(133,'1417',1,'Плата TA1-PCI4-04-C',0,NULL),(134,'1418',0,'Плата TA1-PCI4-04-C',0,NULL),(135,'1419',0,'Плата TA1-PCI4-04-C',0,NULL),(136,'1420',0,'Плата TA1-PCI4-04-C',0,NULL),(137,'1421',0,'Плата TA1-PCI4-04-C',0,NULL),(138,'0907',1,'Плата TE6-PCI-C',0,NULL),(139,'0908',0,'Плата TE6-PCI-C',0,NULL),(140,'0895',1,'Плата TA1-PCI4-04-C',0,NULL),(141,'0886',0,'Плата TA1-PCI4-04-C',1,NULL),(142,'0887',0,'Плата TA1-PCI4-04-C',1,NULL),(143,'0888',0,'Плата TA1-PCI4-04-C',1,NULL),(144,'0889',0,'Плата TA1-PCI4-04-C',1,NULL),(145,'0896',0,'Плата TA1-PCI4-04-C',1,NULL),(146,'1402',0,'Плата TA1-PCI4-04-C',0,NULL),(147,'1403',0,'Плата TA1-PCI4-04-C',0,NULL),(148,'1431',1,'Плата TA1-PCI4-04-C',0,NULL),(149,'1432',1,'Плата TA1-PCI4-04-C',0,NULL),(150,'1433',1,'Плата TA1-PCI4-04-C',0,NULL),(151,'1434',1,'Плата TA1-PCI4-04-C',0,NULL),(152,'1435',1,'Плата TA1-PCI4-04-C',0,NULL),(153,'1436',1,'Плата TA1-PCI4-04-C',0,NULL),(154,'1437',1,'Плата TA1-PCI4-04-C',0,NULL),(155,'1438',1,'Плата TA1-PCI4-04-C',0,NULL),(156,'1439',1,'Плата TA1-PCI4-04-C',0,NULL),(157,'1422',1,'Плата TA1-PCI4-04-C',0,NULL),(158,'1423',1,'Плата TA1-PCI4-04-C',0,NULL),(159,'1424',1,'Плата TA1-PCI4-04-C',0,NULL),(160,'1425',1,'Плата TA1-PCI4-04-C',0,NULL),(161,'1427',1,'Плата TA1-PCI4-04-C',0,NULL),(162,'1428',1,'Плата TA1-PCI4-04-C',0,NULL),(163,'1429',1,'Плата TA1-PCI4-04-C',0,NULL),(164,'1430',1,'Плата TA1-PCI4-04-C',0,NULL),(169,'0176',1,'Плата CAN-200PCI-C',0,NULL),(170,'0177',1,'Плата CAN-200PCI-C',0,NULL),(171,'0591',1,'Плата CAN-200PCI-C',0,NULL),(172,'0592',1,'Плата CAN-200PCI-C',0,NULL),(173,'0593',1,'Плата CAN-200PCI-C',0,NULL),(174,'0594',1,'Плата CAN-200PCI-C',0,NULL),(175,'0595',1,'Плата CAN-200PCI-C',0,NULL),(176,'0596',1,'Плата CAN-200PCI-C',0,NULL),(177,'0597',1,'Плата CAN-200PCI-C',0,NULL),(178,'0598',1,'Плата CAN-200PCI-C',0,NULL),(179,'0599',1,'Плата CAN-200PCI-C',0,NULL),(180,'0600',1,'Плата CAN-200PCI-C',0,NULL),(181,'0622',1,'Плата CAN-200PCI-C',0,NULL),(182,'0623',1,'Плата CAN-200PCI-C',0,NULL),(183,'0624',1,'Плата CAN-200PCI-C',0,NULL),(184,'0625',1,'Плата CAN-200PCI-C',0,NULL),(185,'0626',1,'Плата CAN-200PCI-C',0,NULL),(186,'0627',1,'Плата CAN-200PCI-C',0,NULL),(187,'0628',1,'Плата CAN-200PCI-C',0,NULL),(188,'0629',1,'Плата CAN-200PCI-C',0,NULL),(189,'0630',1,'Плата CAN-200PCI-C',0,NULL),(190,'0631',1,'Плата CAN-200PCI-C',0,NULL),(191,'0706',1,'Плата CAN-200PCI-C',0,NULL),(192,'0707',1,'Плата CAN-200PCI-C',0,NULL),(193,'0708',1,'Плата CAN-200PCI-C',0,NULL),(194,'0710',1,'Плата CAN-200PCI-C',0,NULL),(195,'0711',1,'Плата CAN-200PCI-C',0,NULL),(196,'0712',1,'Плата CAN-200PCI-C',0,NULL),(197,'0713',1,'Плата CAN-200PCI-C',0,NULL),(198,'0714',1,'Плата CAN-200PCI-C',0,NULL),(199,'0715',1,'Плата CAN-200PCI-C',0,NULL),(200,'0716',1,'Плата CAN-200PCI-C',0,NULL),(201,'0717',1,'Плата CAN-200PCI-C',0,NULL),(202,'0718',1,'Плата CAN-200PCI-C',0,NULL),(203,'0719',1,'Плата CAN-200PCI-C',0,NULL),(204,'0720',1,'Плата CAN-200PCI-C',0,NULL),(205,'0721',1,'Плата CAN-200PCI-C',0,NULL),(206,'0722',1,'Плата CAN-200PCI-C',0,NULL),(207,'0723',1,'Плата CAN-200PCI-C',0,NULL),(208,'0724',1,'Плата CAN-200PCI-C',0,NULL),(209,'0725',1,'Плата CAN-200PCI-C',0,NULL),(210,'0726',1,'Плата CAN-200PCI-C',0,NULL),(211,'0727',1,'Плата CAN-200PCI-C',0,NULL),(212,'0728',1,'Плата CAN-200PCI-C',0,NULL),(214,'A0009',1,'Плата PISO-P64',0,NULL),(215,'2',0,'Плата РК 64 PCI',0,NULL),(216,'A0010',1,'Плата PISO-P64',0,NULL),(217,'A0090',1,'Плата PISO-P64',0,NULL),(218,'2CB2A038',0,'Плата PCI-6216V',0,NULL),(219,'0',0,'Плата C007',0,NULL),(220,'4634NB1014',1,'Плата PCI-6208V',0,NULL),(221,'00027',1,'Плата PISO-DA16U',0,NULL),(222,'R0001',1,'Плата PISO-DA16U',0,NULL),(224,'R0002',1,'Плата PISO-DA16U',0,NULL),(225,'X0002',1,'Плата PISO-DA16U',0,NULL),(226,'R0003',1,'Плата PISO-DA16U',0,NULL),(227,'X0003',1,'Плата PISO-DA16U',0,NULL),(228,'R0004',1,'Плата PISO-DA16U',0,NULL),(229,'X0004',1,'Плата PISO-DA16U',0,NULL),(230,'X0005',1,'Плата PISO-DA16U',0,NULL),(231,'X0006',1,'Плата PISO-DA16U',0,NULL),(232,'X0007',1,'Плата PISO-DA16U',0,NULL),(233,'X0008',1,'Плата PISO-DA16U',0,NULL),(234,'X0009',1,'Плата PISO-DA16U',0,NULL),(235,'X0010',1,'Плата PISO-DA16U',0,NULL),(236,'X0011',1,'Плата PISO-DA16U',0,NULL),(237,'X0012',1,'Плата PISO-DA16U',0,NULL),(238,'X0013',1,'Плата PISO-DA16U',0,NULL),(239,'00022',1,'Плата PISO-DA16U',0,NULL),(240,'00023',0,'Плата PISO-DA16U',0,NULL),(241,'00024',0,'Плата PISO-DA16U',0,NULL),(242,'00025',0,'Плата PISO-DA16U',0,NULL),(243,'00026',0,'Плата PISO-DA16U',0,NULL),(244,'00028',1,'Плата PISO-DA16U',0,NULL),(245,'00029',1,'Плата PISO-DA16U',0,NULL),(246,'F00030',1,'Плата PISO-DA16U',0,NULL),(247,'L00039',0,'Плата PCI-1602F',0,NULL),(248,'L00041',1,'Плата PCI-1602F',0,NULL),(249,'L00042',1,'Плата PCI-1602F',0,NULL),(250,'L00043',1,'Плата PCI-1602F',0,NULL),(251,'L00045',1,'Плата PCI-1602F',0,NULL),(253,'A00006',1,'Плата PCI-1602U',0,NULL),(254,'A00005',1,'Плата PCI-1602U',0,NULL),(255,'A00008',1,'Плата PCI-1602U',0,NULL),(256,'A00007',1,'Плата PCI-1602U',0,NULL),(257,'0207',1,'Плата TE6-PCI-C',0,NULL),(258,'0180',1,'Плата TE6-PCI-C',0,NULL),(260,'8B07NB1095',1,'Плата PCI-6216V-GL',0,NULL),(261,'8B07NB1066',1,'Плата PCI-6216V-GL',0,NULL),(262,'8B07NB1080',1,'Плата PCI-6216V-GL',0,NULL),(263,'8174NB1064',1,'Плата PCI-6216V-GL',0,NULL),(264,'8174NB1065',1,'Плата PCI-6216V-GL',0,NULL),(265,'8174NB1061',1,'Плата PCI-6216V-GL',0,NULL),(266,'G00021',1,'Плата PCI-1602U',0,NULL),(267,'G00022',0,'Плата PCI-1602U',0,NULL),(268,'G00024',1,'Плата PCI-1602U',0,NULL),(269,'G00025',1,'Плата PCI-1602U',0,NULL),(270,'G00020',1,'Плата PCI-1602U',0,NULL),(271,'G00023',1,'Плата PCI-1602U',0,NULL),(272,'G00026',1,'Плата PCI-1602U',0,NULL),(273,'G00003',0,'Плата PCI-1602U',0,NULL),(274,'G00004',1,'Плата PCI-1602U',0,NULL),(275,'G00001',0,'Плата PCI-1602U',0,NULL),(276,'G00002',0,'Плата PCI-1602U',0,NULL),(277,'G00012',1,'Плата PCI-1602U',0,NULL),(278,'G00011',1,'Плата PCI-1602U',0,NULL),(279,'G00010',1,'Плата PCI-1602U',0,NULL),(280,'G00014',1,'Плата PCI-1602U',0,NULL),(281,'G00013',1,'Плата PCI-1602U',0,NULL),(282,'G00015',1,'Плата PCI-1602U',0,NULL),(283,'G00019',1,'Плата PCI-1602U',0,NULL),(284,'G00017',1,'Плата PCI-1602U',0,NULL),(285,'G00018',1,'Плата PCI-1602U',0,NULL),(286,'G00016',1,'Плата PCI-1602U',0,NULL),(288,'120651784',1,'Плата ПРК PCI-S',0,NULL),(289,'120651785',1,'Плата ПРК PCI-S',0,NULL),(290,'120651779',1,'Плата ПРК PCI-S',0,NULL),(291,'120651783',1,'Плата ПРК PCI-S',0,NULL),(292,'120651778',1,'Плата ПРК PCI-S',0,NULL),(293,'120651780',1,'Плата ПРК PCI-S',0,NULL),(294,'120651777',1,'Плата ПРК PCI-S',0,NULL),(295,'120651786',1,'Плата ПРК PCI-S',0,NULL),(296,'05176',0,'Плата PCI429-4-1C',0,NULL),(308,'0260',0,'Плата TA1-PCI-32RT-C',0,NULL),(309,'0261',0,'Плата TA1-PCI-32RT-C',0,NULL),(310,'10310',0,'Плата PCI429-4-3C',0,NULL),(311,'09309',0,'Плата PCI429-4-3C',0,NULL),(313,'08422',0,'Плата PCI429-4-3C',0,NULL),(315,'10309',0,'Плата PCI429-4-3C',0,NULL),(316,'10306',0,'Плата PCI429-4-3C',0,NULL),(317,'10307',0,'Плата PCI429-4-3C',1,NULL),(319,'15675',0,'Плата PCI429-4-3C',0,NULL),(320,'15676',0,'Плата PCI429-4-3C',0,NULL),(321,'15673',0,'Плата PCI429-4-3C',0,NULL),(322,'15674',0,'Плата PCI429-4-3C',1,NULL),(323,'15679',0,'Плата PCI429-4-3C',0,NULL),(324,'08420',0,'Плата PCI429-4-3C',0,NULL),(325,'1426',1,'Плата TA1-PCI4-04-C',0,NULL),(326,'15682',0,'Плата PCI429-4-3C',0,NULL),(327,'0448',0,'Плата TA1-PCI-32RT-C',0,NULL),(328,'0388',0,'Плата TA1-PCI-32RT-C',0,NULL),(329,'1413',0,'Плата TA1-PCI4-04-C',0,NULL),(330,'1414',0,'Плата TA1-PCI4-04-C',0,NULL),(331,'1415',0,'Плата TA1-PCI4-04-C',0,NULL),(333,'1406',0,'Плата TA1-PCI4-04-C',0,NULL),(335,'1409',0,'Плата TA1-PCI4-04-C',0,NULL),(336,'1404',0,'Плата TA1-PCI4-04-C',0,NULL),(337,'1407',0,'Плата TA1-PCI4-04-C',0,NULL),(338,'1405',0,'Плата TA1-PCI4-04-C',0,NULL),(339,'4275',0,'Плата PCI429-3-88C',0,NULL),(340,'10303',0,'Плата PCI429-3-88C',0,NULL),(341,'10305',0,'Плата PCI429-3-88C',0,NULL),(342,'14714',1,'Плата PCI429-3-88C',0,NULL),(343,'14715',0,'Плата PCI429-3-88C',0,NULL),(344,'15677',0,'Плата PCI429-3-88C',0,NULL),(345,'15678',0,'Плата PCI429-3-88C',0,NULL),(349,'0251',0,'Плата TA1-PCI-32RT-C',0,NULL),(350,'0252',0,'Плата TA1-PCI-32RT-C',0,NULL),(351,'0253',0,'Плата TA1-PCI-32RT-C',0,NULL),(352,'0254',0,'Плата TA1-PCI-32RT-C',0,NULL),(353,'0255',0,'Плата TA1-PCI-32RT-C',0,NULL),(354,'0256',0,'Плата TA1-PCI-32RT-C',0,NULL),(355,'0257',0,'Плата TA1-PCI-32RT-C',0,NULL),(356,'0258',0,'Плата TA1-PCI-32RT-C',0,NULL),(357,'0259',0,'Плата TA1-PCI-32RT-C',0,NULL),(358,'0262',0,'Плата TA1-PCI-32RT-C',0,NULL),(359,'0250',0,'Плата TA1-PCI-32RT-C',0,NULL),(360,'04202',1,'Плата PCI429-3-88C',0,NULL),(361,'04277',1,'Плата PCI429-3-88C',0,NULL),(362,'08419',0,'Плата PCI429-4-3C',0,NULL),(363,'0165',1,'Плата TA1-PCI4-02-C',0,NULL),(364,'0894',0,'Плата TA1-PCI4-04-C',0,NULL),(368,'A0034',1,'Плата PISO-P32C32',0,NULL),(369,'08418',0,'Плата PCI429-4-3C',0,NULL),(370,'09313',0,'Плата PCI429-4-3C',0,NULL),(371,'09311',0,'Плата PCI429-4-3C',0,NULL),(372,'15711',0,'Плата PCI429-4-3C',0,NULL),(373,'X0001',0,'Плата PISO-DA16U',0,NULL),(374,'R00032',0,'Плата PISO-DA16U',0,NULL),(375,'R00028',0,'Плата PISO-DA16U',0,NULL),(376,'R00031',0,'Плата PISO-DA16U',0,NULL),(377,'R00033',0,'Плата PISO-DA16U',0,NULL),(378,'R00029',0,'Плата PISO-DA16U',0,NULL),(379,'R00026',0,'Плата PISO-DA16U',0,NULL),(380,'R00034',0,'Плата PISO-DA16U',0,NULL),(381,'R00027',0,'Плата PISO-DA16U',0,NULL),(382,'14',1,'Плата ПРК PCI-S',0,NULL),(383,'12',0,'Плата ПРК PCI-S',0,NULL),(384,'11',0,'Плата ПРК PCI-S',0,NULL),(385,'0',0,'Плата ПРК PCI-S',0,NULL),(386,'120651781',0,'Плата ПРК PCI-S',0,NULL),(387,'120651782',0,'Плата ПРК PCI-S',0,NULL),(388,'0175',1,'Плата CAN-200PCI-C',0,NULL),(389,'0168',1,'Плата CAN-200PCI-C',0,NULL),(392,'4',0,'Плата СКТ-16 PCI',0,NULL),(393,'6',0,'Плата СКТ-16 PCI',0,NULL),(394,'04272',0,'Плата PCI429-3-88C',0,NULL),(395,'14718',0,'Плата PCI429-3-88C',0,NULL),(396,'04203',1,'Плата PCI429-3-88C',0,NULL),(397,'03129',1,'Плата PCI429-3-88C',0,NULL),(398,'7',1,'Плата РК 64 PCI',0,NULL),(399,'5',0,'Плата РК 64 PCI',0,NULL),(400,'53542964',0,'Плата РК 64 PCI',0,NULL),(401,'53542969',0,'Плата РК 64 PCI',0,NULL),(402,'3',0,'Плата РК 64 PCI',0,NULL),(403,'10',0,'Плата РК 64 PCI',0,NULL),(404,'1',0,'Плата РК 64 PCI',0,NULL),(405,'9',0,'Плата РК 64 PCI',0,NULL),(406,'6',0,'Плата РК 64 PCI',0,NULL),(407,'11',0,'Плата РК 64 PCI',0,NULL),(408,'4',0,'Плата C007',0,NULL),(409,'2',0,'Плата C007',0,NULL),(410,'А0040',0,'Плата PISO-P32C32',0,NULL),(411,'I0047',0,'Плата PISO-P32C32',0,NULL),(412,'I0098',0,'Плата PISO-P32C32',0,NULL),(413,'A0116',0,'Плата PISO-P32C32',0,NULL),(415,'Неизвестная01',0,'Плата PISO-P32C32',0,NULL),(416,'03131',0,'Плата PCI429-3-88C',0,NULL),(417,'04268',0,'Плата PCI429-3-88C',0,NULL),(418,'03130',0,'Плата PCI429-3-88C',0,NULL),(419,'03126',0,'Плата PCI429-3-88C',0,NULL),(420,'03162',0,'Плата PCI429-3-88C',0,NULL),(421,'Неизвестная01',0,'Плата PCI429-3-88C',0,NULL),(422,'5',0,'Плата C007',0,NULL),(423,'3',0,'Плата C007',0,NULL),(435,'A00005',0,'Плата PCI-1602',0,NULL),(436,'A00004',1,'Плата PCI-1602',0,NULL),(437,'77',0,'Плата PCI-1602',0,NULL),(438,'75',0,'Плата PCI-1602',0,NULL),(439,'G00027',0,'Плата PCI-1602',0,NULL),(440,'L00044',0,'Плата PCI-1602',0,NULL),(441,'A0036',0,'Плата PCI-1602',0,NULL),(442,'A0026',0,'Плата PCI-1602',0,NULL),(443,'A0025',0,'Плата PCI-1602',0,NULL),(444,'A0034',0,'Плата PCI-1602',0,NULL),(445,'A0027',0,'Плата PCI-1602',0,NULL),(446,'G00027',0,'Плата PCI-1602U',0,NULL),(447,'B0014',0,'Плата PCI-6216V',0,NULL),(448,'B0019',0,'Плата PCI-6216V',0,NULL),(449,'Неизвестная01',0,'Плата PCI-6216V',0,NULL),(450,'Неизвестная02',0,'Плата PCI-6216V',0,NULL),(451,'Неизвестная03',0,'Плата PCI-6216V',0,NULL),(452,'A0012',0,'Плата PISO-P64',0,NULL),(453,'A0006',0,'Плата PISO-P64',0,NULL),(454,'Неизвестная01',0,'Плата PISO-P64',0,NULL),(455,'A0007',0,'Плата PISO-P64',0,NULL),(456,'A0020',0,'Плата PISO-P64',0,NULL),(458,'D0039',0,'Плата PCI-1002L',0,NULL),(461,'Неизвестная01',0,'Плата PCI-1002',0,NULL),(462,'D0010',0,'Плата PCI-1002',0,NULL),(463,'04274',0,'Плата PCI429-3-88C',0,NULL),(464,'04280',0,'Плата PCI429-3-88C',0,NULL),(465,'A0024',0,'Плата PCI-1602',0,NULL),(466,'1',0,'Плата C007',0,NULL),(467,'7',0,'Плата C007',0,NULL),(468,'B1006',0,'Плата PCI-6216V',0,NULL),(469,'A0094',0,'Плата PISO-P64',0,NULL),(470,'JA0035',0,'Плата PCI-1602',0,NULL),(471,'04270',0,'Плата PCI429-3-88C',0,NULL),(472,'04276',0,'Плата PCI429-3-88C',0,NULL),(473,'07374',0,'Плата PCI429-5C',0,NULL),(474,'15678',0,'Плата PCI429-4-3C',0,NULL),(475,'04271',0,'Плата PCI429-3-88C',0,NULL),(476,'Неизвестная01',0,'Плата PCI-6208V',0,NULL),(477,'H00060',0,'Плата PISO-P64',0,NULL),(478,'H00061',0,'Плата PISO-P64',0,NULL),(479,'XXXB0019',0,'Плата PCI-6216V',0,NULL),(480,'I00020',0,'Плата PISO-P64',0,NULL),(481,'04264',0,'Плата PCI429-3-88C',0,NULL),(482,'XXXA0034',0,'Плата PCI-1602',0,NULL),(483,'B1020',0,'Плата PCI-6216V',0,NULL),(486,'15677',0,'Плата PCI429-4-3C',0,NULL),(487,'09312',0,'Плата PCI429-4-3C',0,NULL),(488,'03163',0,'Плата PCI429-3-88C',0,NULL),(489,'03128',0,'Плата PCI429-3-88C',0,NULL),(490,'07375',0,'Плата PCI429-5C',0,NULL),(491,'A0011',0,'Плата PISO-P64',0,NULL),(492,'A0019',0,'Плата PISO-P64',0,NULL),(493,'00097',0,'Плата PISO-P32C32',0,NULL),(494,'A0021',0,'Плата PISO-P32C32',0,NULL),(495,'2',0,'Плата ПРК PCI-S',0,NULL),(496,'1',0,'Плата ПРК PCI-S',0,NULL),(497,'13h',0,'Плата ПРК PCI-S',0,NULL),(498,'5',0,'Плата ПРК PCI-S',0,NULL),(499,'3',0,'Плата ПРК PCI-S',0,NULL),(500,'4',0,'Плата ПРК PCI-S',0,NULL),(502,'14710',1,'Плата PC429-3-88C ISA',0,NULL),(503,'14711',1,'Плата PC429-3-88C ISA',0,NULL),(504,'14712',1,'Плата PC429-3-88C ISA',0,NULL),(505,'14713',1,'Плата PC429-3-88C ISA',0,NULL),(506,'G00005',1,'Плата PCI-1602U',0,NULL),(507,'G00006',1,'Плата PCI-1602U',0,NULL),(508,'G00007',1,'Плата PCI-1602U',0,NULL),(509,'G00008',1,'Плата PCI-1602U',0,NULL),(510,'G00009',1,'Плата PCI-1602U',0,NULL),(511,'T00080',1,'Плата PCI-1602U',0,NULL),(512,'R00030',0,'Плата PISO-DA16U',0,NULL),(514,'H00020',1,'Плата PCI-1602FU',0,NULL),(515,'L00038',1,'Плата PCI-1602F',0,NULL),(516,'8',0,'Плата C007',0,NULL),(517,'1941',1,'Плата TA1-PCI4-04-C',0,NULL),(518,'1942',1,'Плата TA1-PCI4-04-C',0,NULL),(519,'16737',1,'Плата PCI429-3-88C',0,NULL),(520,'16738',1,'Плата PCI429-3-88C',0,NULL),(521,'16739',1,'Плата PCI429-3-88C',0,NULL),(522,'16740',1,'Плата PCI429-3-88C',0,NULL),(523,'16741',1,'Плата PCI429-3-88C',0,NULL),(524,'16742',1,'Плата PCI429-3-88C',0,NULL),(525,'8174NB1067',1,'Плата PCI-6216V-GL',0,NULL),(526,'2CB2A020',1,'Плата PCI-6216V',0,NULL),(527,'6640NB1091',1,'Плата PCI-6208V',0,NULL),(528,'XXX2CB2A038',1,'Плата PCI-6216V',0,NULL),(529,'17729',1,'Плата PCI429-4-3C',0,NULL),(530,'17728',1,'Плата PCI429-4-3C',0,NULL),(531,'17727',1,'Плата PCI429-4-3C',0,NULL),(532,'17726',1,'Плата PCI429-4-3C',0,NULL),(533,'17725',1,'Плата PCI429-4-3C',0,NULL),(534,'17724',1,'Плата PCI429-4-3C',0,NULL),(535,'17723',1,'Плата PCI429-4-3C',0,NULL),(536,'17722',1,'Плата PCI429-4-3C',0,NULL),(537,'17721',1,'Плата PCI429-4-3C',0,NULL),(538,'17720',1,'Плата PCI429-4-3C',0,NULL),(539,'17719',1,'Плата PCI429-4-3C',0,NULL),(540,'17738',1,'Плата PCI429-4-3C',0,NULL),(541,'17737',1,'Плата PCI429-4-3C',0,NULL),(542,'17736',1,'Плата PCI429-4-3C',0,NULL),(543,'17735',1,'Плата PCI429-4-3C',0,NULL),(544,'17734',1,'Плата PCI429-4-3C',0,NULL),(545,'17733',1,'Плата PCI429-4-3C',0,NULL),(546,'17732',1,'Плата PCI429-4-3C',0,NULL),(547,'17731',1,'Плата PCI429-4-3C',0,NULL),(548,'17730',1,'Плата PCI429-4-3C',0,NULL),(549,'0040',0,'Плата PCI-1602F',0,NULL),(550,'8',0,'Плата РК 64 PCI',0,NULL),(551,'60571',1,'КС2-4-М2',0,NULL),(552,'60572',1,'КС2-4-М2',0,NULL),(553,'60573',1,'КС2-4-М2',0,NULL),(554,'60574',1,'КС2-4-М2',0,NULL),(555,'60555',1,'КС2-2-М2',0,NULL),(556,'60556',1,'КС2-2-М2',0,NULL),(557,'60557',1,'КС2-2-М2',0,NULL),(558,'60558',1,'КС2-2-М2',0,NULL),(559,'60559',1,'КС2-2-М2',0,NULL),(560,'60560',1,'КС2-2-М2',0,NULL),(561,'60561',1,'КС2-2-М2',0,NULL),(562,'60562',1,'КС2-2-М2',0,NULL),(563,'60563',1,'КС2-2-М2',0,NULL),(564,'60564',1,'КС2-2-М2',0,NULL),(565,'60565',1,'КС2-2-М2',0,NULL),(566,'60566',1,'КС2-2-М2',0,NULL),(567,'60567',1,'КС2-2-М2',0,NULL),(568,'60568',1,'КС2-2-М2',0,NULL),(569,'60569',1,'КС2-2-М2',0,NULL),(570,'60570',1,'КС2-2-М2',0,NULL),(571,'60535',1,'КС2-1-М2',0,NULL),(572,'60536',1,'КС2-1-М2',0,NULL),(573,'60537',1,'КС2-1-М2',0,NULL),(574,'60538',1,'КС2-1-М2',0,NULL),(575,'60539',1,'КС2-1-М2',0,NULL),(576,'60540',1,'КС2-1-М2',0,NULL),(577,'60541',1,'КС2-1-М2',0,NULL),(578,'60542',1,'КС2-1-М2',0,NULL),(579,'60543',1,'КС2-1-М2',0,NULL),(580,'60544',1,'КС2-1-М2',0,NULL),(581,'60545',1,'КС2-1-М2',0,NULL),(582,'60546',1,'КС2-1-М2',0,NULL),(583,'60547',1,'КС2-1-М2',0,NULL),(584,'60548',1,'КС2-1-М2',0,NULL),(585,'60549',1,'КС2-1-М2',0,NULL),(586,'60550',1,'КС2-1-М2',0,NULL),(587,'60551',1,'КС2-1-М2',0,NULL),(588,'60552',1,'КС2-1-М2',0,NULL),(589,'60553',1,'КС2-1-М2',0,NULL),(590,'60554',1,'КС2-1-М2',0,NULL),(591,'04469',0,'КСР2-1-С',0,NULL),(592,'04470',1,'КСР2-1-С',0,NULL),(593,'04471',1,'КСР2-1-С',0,NULL),(594,'04472',1,'КСР2-1-С',0,NULL),(595,'04473',1,'КСР2-1-С',0,NULL),(596,'04474',1,'КСР2-1-С',0,NULL),(597,'04475',1,'КСР2-1-С',0,NULL),(598,'04476',1,'КСР2-1-С',0,NULL),(599,'04477',1,'КСР2-1-С',0,NULL),(600,'04478',1,'КСР2-1-С',0,NULL),(601,'04479',1,'КСР2-1-С',0,NULL),(602,'04480',1,'КСР2-1-С',0,NULL),(603,'04481',1,'КСР2-1-С',0,NULL),(604,'04482',1,'КСР2-1-С',0,NULL),(605,'04483',1,'КСР2-1-С',0,NULL),(606,'04484',1,'КСР2-1-С',0,NULL),(607,'04485',0,'КСР2-1-С',0,NULL),(608,'04486',1,'КСР2-1-С',0,NULL),(609,'04487',1,'КСР2-1-С',0,NULL),(610,'04488',1,'КСР2-1-С',0,NULL),(631,'04489',0,'КСР2-2-С',0,NULL),(632,'04490',0,'КСР2-2-С',0,NULL),(633,'04491',1,'КСР2-2-С',0,NULL),(634,'04492',0,'КСР2-2-С',0,NULL),(635,'04493',0,'КСР2-2-С',0,NULL),(636,'04494',0,'КСР2-2-С',0,NULL),(637,'04495',0,'КСР2-2-С',0,NULL),(638,'04496',0,'КСР2-2-С',0,NULL),(639,'04497',0,'КСР2-2-С',0,NULL),(640,'04498',0,'КСР2-2-С',0,NULL),(641,'04499',0,'КСР2-2-С',0,NULL),(642,'04500',1,'КСР2-2-С',0,NULL),(643,'04501',0,'КСР2-2-С',0,NULL),(644,'04502',0,'КСР2-2-С',0,NULL),(645,'04503',0,'КСР2-2-С',0,NULL),(646,'04504',0,'КСР2-2-С',0,NULL),(647,'04505',0,'КСР2-2-С',0,NULL),(648,'04506',0,'КСР2-2-С',0,NULL),(649,'04507',0,'КСР2-2-С',0,NULL),(650,'04508',0,'КСР2-2-С',0,NULL),(651,'01',0,'Кабель PISO-P32C32 - РП-15',0,NULL),(652,'02',0,'Кабель PISO-P32C32 - РП-15',0,NULL),(653,'03',0,'Кабель PISO-P32C32 - РП-15',0,NULL),(654,'04',0,'Кабель PISO-P32C32 - РП-15',0,NULL),(655,'05',0,'Кабель PISO-P32C32 - РП-15',0,NULL),(656,'01',0,'Кабель PCI-1002  —  РП-15',0,NULL),(657,'02',0,'Кабель PCI-1002  —  РП-15',0,NULL),(658,'01',0,'Кабель PCI429-3-88С — РП-15',0,NULL),(659,'02',0,'Кабель PCI429-3-88С — РП-15',0,NULL),(660,'03',0,'Кабель PCI429-3-88С — РП-15',0,NULL),(661,'04',0,'Кабель PCI429-3-88С — РП-15',0,NULL),(662,'05',0,'Кабель PCI429-3-88С — РП-15',0,NULL),(663,'06',0,'Кабель PCI429-3-88С — РП-15',0,NULL),(664,'01',0,'Кабель PISO-P64 — РП-15',0,NULL),(665,'02',0,'Кабель PISO-P64 — РП-15',0,NULL),(666,'03',0,'Кабель PISO-P64 — РП-15',0,NULL),(667,'04',0,'Кабель PISO-P64 — РП-15',0,NULL),(668,'01',0,'Кабель PCI-1602 — РП-15',0,NULL),(669,'02',0,'Кабель PCI-1602 — РП-15',0,NULL),(670,'03',0,'Кабель PCI-1602 — РП-15',0,NULL),(671,'04',0,'Кабель PCI-1602 — РП-15',0,NULL),(672,'05',0,'Кабель PCI-1602 — РП-15',0,NULL),(673,'01',0,'Кабель PCI-6216V — РП-15',0,NULL),(674,'02',0,'Кабель PCI-6216V — РП-15',0,NULL),(675,'03',0,'Кабель PCI-6216V — РП-15',0,NULL),(676,'04',0,'Кабель PCI-6216V — РП-15',0,NULL),(677,'05',0,'Кабель PCI-6216V — РП-15',0,NULL),(678,'01',0,'Кабель C-007 — РП-15',0,NULL),(679,'02',0,'Кабель C-007 — РП-15',0,NULL),(681,'03',0,'Кабель PCI-1002  —  РП-15',0,NULL),(682,'07',0,'Кабель PCI429-3-88С — РП-15',0,NULL),(683,'01',0,'Кабель PCI-6208V — РП-15',0,NULL),(684,'01',0,'Кабель PISO-P64 — DB-50',0,NULL),(685,'02',0,'Кабель PISO-P64 — DB-50',0,NULL),(686,'03',0,'Кабель PISO-P64 — DB-50',0,NULL),(687,'04',0,'Кабель PISO-P64 — DB-50',0,NULL),(688,'05',0,'Кабель PISO-P64 — DB-50',0,NULL),(689,'01',0,'Кабель PCI429-3-88С — DB-50',0,NULL),(690,'02',0,'Кабель PCI429-3-88С — DB-50',0,NULL),(691,'03',0,'Кабель PCI429-3-88С — DB-50',0,NULL),(692,'04',0,'Кабель PCI429-3-88С — DB-50',0,NULL),(693,'05',0,'Кабель PCI429-3-88С — DB-50',0,NULL),(694,'06',0,'Кабель PCI429-3-88С — DB-50',0,NULL),(695,'07',0,'Кабель PCI429-3-88С — DB-50',0,NULL),(696,'08',0,'Кабель PCI429-3-88С — DB-50',0,NULL),(697,'01',0,'Кабель PCI429-4-3С — РП-15',0,NULL),(698,'01',0,'Кабель C-007 — DB-50',0,NULL),(699,'02',0,'Кабель C-007 — DB-50',0,NULL),(700,'03',0,'Кабель C-007 — DB-50',0,NULL),(701,'01',0,'Кабель PCI-6216V — DB-50',0,NULL),(702,'02',0,'Кабель PCI-6216V — DB-50',0,NULL),(703,'03',0,'Кабель PCI-6216V — DB-50',0,NULL),(704,'01',0,'Кабель PCI429-5С — DB-50',0,NULL),(705,'01',0,'Кабель PCI-1602 — DB-50',0,NULL),(706,'02',0,'Кабель PCI-1602 — DB-50',0,NULL),(707,'03',0,'Кабель PCI-1602 — DB-50',0,NULL),(708,'01',0,'Кабель PISO-DA16U — DB-50',0,NULL),(709,'02',0,'Кабель PISO-DA16U — DB-50',0,NULL),(710,'03',0,'Кабель PISO-DA16U — DB-50',0,NULL),(711,'04',0,'Кабель PISO-DA16U — DB-50',0,NULL),(712,'05',0,'Кабель PISO-DA16U — DB-50',0,NULL),(713,'06',0,'Кабель PISO-DA16U — DB-50',0,NULL),(714,'07',0,'Кабель PISO-DA16U — DB-50',0,NULL),(715,'08',0,'Кабель PISO-DA16U — DB-50',0,NULL),(716,'04',1,'Кабель PCI-1602 — DB-50',0,NULL),(717,'05',0,'Кабель PCI-1602 — DB-50',0,NULL),(718,'01',0,'Кабель РК 64 PCI — DB-50',0,NULL),(719,'02',0,'Кабель РК 64 PCI — DB-50',0,NULL),(720,'03',0,'Кабель РК 64 PCI — DB-50',0,NULL),(721,'04',0,'Кабель РК 64 PCI — DB-50',0,NULL),(722,'05',0,'Кабель РК 64 PCI — DB-50',0,NULL),(723,'06',0,'Кабель РК 64 PCI — DB-50',0,NULL),(724,'07',0,'Кабель РК 64 PCI — DB-50',0,NULL),(725,'08',0,'Кабель РК 64 PCI — DB-50',0,NULL),(726,'01',0,'Кабель CAN-200PCI-C — DB-50',0,NULL),(727,'01',0,'Кабель СКТ-16 PCI — DB-50',0,NULL),(728,'02',0,'Кабель СКТ-16 PCI — DB-50',0,NULL),(729,'01',1,'Кабель ПРК PCI-S — DB-50',0,NULL),(730,'02',1,'Кабель ПРК PCI-S — DB-50',0,NULL),(731,'03',0,'Кабель ПРК PCI-S — DB-50',0,NULL),(732,'04',0,'Кабель ПРК PCI-S — DB-50',0,NULL),(733,'05',0,'Кабель ПРК PCI-S — DB-50',0,NULL),(734,'01',0,'Кабель PCI429-4-3C — DB-50',0,NULL),(735,'02',1,'Кабель PCI429-4-3C — DB-50',0,NULL),(736,'03',0,'Кабель PCI429-4-3C — DB-50',0,NULL),(737,'04',0,'Кабель PCI429-4-3C — DB-50',0,NULL),(738,'05',0,'Кабель PCI429-4-3C — DB-50',0,NULL),(739,'06',0,'Кабель PCI429-4-3C — DB-50',0,NULL),(740,'07',1,'Кабель PCI429-4-3C — DB-50',0,NULL),(741,'02',0,'Кабель PCI429-5С — DB-50',0,NULL),(742,'09',0,'Кабель PCI429-3-88С — DB-50',0,NULL),(743,'10',1,'Кабель PCI429-3-88С — DB-50',0,NULL),(744,'11',1,'Кабель PCI429-3-88С — DB-50',0,NULL),(745,'01',0,'Кабель TA1-PCI4-04-C — РС4ТВ',0,NULL),(746,'02',0,'Кабель TA1-PCI4-04-C — РС4ТВ',0,NULL),(747,'08',0,'Кабель PCI429-4-3C — DB-50',0,NULL),(748,'09',0,'Кабель PCI429-4-3C — DB-50',0,NULL),(749,'01',0,'Кабель TA1-PCI-32RT-C — РС4ТВ',0,NULL),(750,'02',0,'Кабель TA1-PCI-32RT-C — РС4ТВ',0,NULL),(751,'01',0,'Кабель РС4ТВ — РС4ТВ',0,NULL),(752,'02',0,'Кабель РС4ТВ — РС4ТВ',0,NULL),(753,'03',0,'Кабель РС4ТВ — РС4ТВ',0,NULL),(754,'04',0,'Кабель РС4ТВ — РС4ТВ',0,NULL),(755,'03',0,'Кабель TA1-PCI-32RT-C — РС4ТВ',0,NULL),(756,'04',1,'Кабель TA1-PCI-32RT-C — РС4ТВ',0,NULL),(757,'01',0,'Кабель питания РК 64 PCI',0,NULL),(758,'02',0,'Кабель питания РК 64 PCI',0,NULL),(759,'03',0,'Кабель питания РК 64 PCI',0,NULL),(760,'04',0,'Кабель питания РК 64 PCI',0,NULL),(761,'05',0,'Кабель питания РК 64 PCI',0,NULL),(762,'01',1,'Шлейф ПРК PCI-S — DB-50F',0,NULL),(763,'02',1,'Шлейф ПРК PCI-S — DB-50F',0,NULL),(764,'03',0,'Шлейф ПРК PCI-S — DB-50F',0,NULL),(765,'04',0,'Шлейф ПРК PCI-S — DB-50F',0,NULL),(766,'05',0,'Шлейф ПРК PCI-S — DB-50F',0,NULL),(767,'06',0,'Шлейф ПРК PCI-S — DB-50F',0,NULL),(768,'07',0,'Шлейф ПРК PCI-S — DB-50F',0,NULL),(769,'08',0,'Шлейф ПРК PCI-S — DB-50F',0,NULL),(770,'09',1,'Шлейф ПРК PCI-S — DB-50F',0,NULL),(771,'10',1,'Шлейф ПРК PCI-S — DB-50F',0,NULL),(772,'11',1,'Шлейф ПРК PCI-S — DB-50F',0,NULL),(773,'12',1,'Шлейф ПРК PCI-S — DB-50F',0,NULL),(774,'13',1,'Шлейф ПРК PCI-S — DB-50F',0,NULL),(775,'14',1,'Шлейф ПРК PCI-S — DB-50F',0,NULL),(776,'15',1,'Шлейф ПРК PCI-S — DB-50F',0,NULL),(777,'16',1,'Шлейф ПРК PCI-S — DB-50F',0,NULL),(778,'17',1,'Шлейф ПРК PCI-S — DB-50F',0,NULL),(779,'18',1,'Шлейф ПРК PCI-S — DB-50F',0,NULL),(780,'19',1,'Шлейф ПРК PCI-S — DB-50F',0,NULL),(781,'20',1,'Шлейф ПРК PCI-S — DB-50F',0,NULL),(782,'21',1,'Шлейф ПРК PCI-S — DB-50F',0,NULL),(783,'22',1,'Шлейф ПРК PCI-S — DB-50F',0,NULL),(784,'23',1,'Шлейф ПРК PCI-S — DB-50F',0,NULL),(785,'24',1,'Шлейф ПРК PCI-S — DB-50F',0,NULL),(786,'25',1,'Шлейф ПРК PCI-S — DB-50F',0,NULL),(787,'26',1,'Шлейф ПРК PCI-S — DB-50F',0,NULL),(788,'27',1,'Шлейф ПРК PCI-S — DB-50F',0,NULL),(789,'01',1,'Кабель DB-50M — DB-50M',0,NULL),(790,'02',1,'Кабель DB-50M — DB-50M',0,NULL),(791,'03',0,'Кабель DB-50M — DB-50M',0,NULL),(792,'04',0,'Кабель DB-50M — DB-50M',0,NULL),(793,'05',0,'Кабель DB-50M — DB-50M',0,NULL),(794,'06',0,'Кабель DB-50M — DB-50M',0,NULL),(795,'07',0,'Кабель DB-50M — DB-50M',0,NULL),(796,'08',0,'Кабель DB-50M — DB-50M',0,NULL),(797,'06',0,'Кабель питания РК 64 PCI',0,NULL),(798,'07',0,'Кабель питания РК 64 PCI',0,NULL),(799,'08',1,'Кабель питания РК 64 PCI',0,NULL),(800,'09',1,'Кабель питания РК 64 PCI',0,NULL),(801,'10',1,'Кабель питания РК 64 PCI',0,NULL),(802,'11',1,'Кабель питания РК 64 PCI',0,NULL),(803,'09',1,'Кабель РК 64 PCI — DB-50',0,NULL),(804,'10',1,'Кабель РК 64 PCI — DB-50',0,NULL),(805,'11',1,'Кабель РК 64 PCI — DB-50',0,NULL),(806,'06',0,'Кабель ПРК PCI-S — DB-50',0,NULL),(807,'07',1,'Кабель ПРК PCI-S — DB-50',0,NULL),(808,'08',1,'Кабель ПРК PCI-S — DB-50',0,NULL),(809,'09',1,'Кабель ПРК PCI-S — DB-50',0,NULL),(810,'10',1,'Кабель ПРК PCI-S — DB-50',0,NULL),(811,'11',1,'Кабель ПРК PCI-S — DB-50',0,NULL),(812,'12',1,'Кабель ПРК PCI-S — DB-50',0,NULL),(813,'13',1,'Кабель ПРК PCI-S — DB-50',0,NULL),(814,'14',1,'Кабель ПРК PCI-S — DB-50',0,NULL),(815,'15',1,'Кабель ПРК PCI-S — DB-50',0,NULL),(816,'16',1,'Кабель ПРК PCI-S — DB-50',0,NULL),(817,'17',1,'Кабель ПРК PCI-S — DB-50',0,NULL),(818,'18',1,'Кабель ПРК PCI-S — DB-50',0,NULL),(819,'19',1,'Кабель ПРК PCI-S — DB-50',0,NULL),(820,'06',1,'Кабель PISO-P64 — DB-50',0,NULL),(821,'07',1,'Кабель PISO-P64 — DB-50',0,NULL),(822,'08',1,'Кабель PCI429-3-88С — РП-15',0,NULL),(823,'05',0,'Кабель РС4ТВ — РС4ТВ',0,NULL),(824,'03',0,'Кабель TA1-PCI4-04-C — РС4ТВ',0,NULL),(825,'06',1,'Кабель РС4ТВ — РС4ТВ',0,NULL),(826,'20',1,'Кабель ПРК PCI-S — DB-50',0,NULL),(827,'0709',1,'Плата CAN-200PCI-C',0,NULL),(828,'6',1,'Плата C007',0,NULL),(829,'I00096',1,'Плата PISO-P32C32',0,NULL),(830,'28',1,'Шлейф ПРК PCI-S — DB-50F',0,NULL),(831,'29',1,'Шлейф ПРК PCI-S — DB-50F',0,NULL),(832,'Неизвестная01',1,'Плата СКТ-16 (ISA)',0,NULL),(833,'09',1,'Кабель DB-50M — DB-50M',0,NULL),(834,'10',1,'Кабель DB-50M — DB-50M',0,NULL),(835,'05',1,'Кабель TA1-PCI-32RT-C — РС4ТВ',0,NULL),(836,'04',1,'Кабель TA1-PCI4-04-C — РС4ТВ',0,NULL),(838,'DA0035',1,'Плата PCI-1602',0,NULL),(860,'120651799',1,'Плата ПРК PCI-S',0,NULL),(861,'120651813',0,'Плата ПРК PCI-S',0,NULL),(862,'120651810',0,'Плата ПРК PCI-S',0,NULL),(863,'120651795',1,'Плата ПРК PCI-S',0,NULL),(864,'120651800',1,'Плата ПРК PCI-S',0,NULL),(865,'120651809',0,'Плата ПРК PCI-S',0,NULL),(866,'120651811',0,'Плата ПРК PCI-S',0,NULL),(867,'120651812',0,'Плата ПРК PCI-S',0,NULL),(868,'120651796',0,'Плата ПРК PCI-S',0,NULL),(869,'120651798',0,'Плата ПРК PCI-S',0,NULL),(870,'120651797',0,'Плата ПРК PCI-S',0,NULL),(871,'120651808',0,'Плата ПРК PCI-S',0,NULL),(872,'120651801',0,'Плата ПРК PCI-S',0,NULL),(873,'01',1,'Кабель TA1-PCI-32RT-C — СРТ-75',0,NULL),(874,'05',0,'Кабель TA1-PCI4-04-C — РС4ТВ',0,NULL),(875,'06',0,'Кабель TA1-PCI4-04-C — РС4ТВ',0,NULL),(876,'07',1,'Кабель TA1-PCI4-04-C — РС4ТВ',0,NULL),(877,'08',1,'Кабель TA1-PCI4-04-C — РС4ТВ',0,NULL),(878,'09',1,'Кабель TA1-PCI4-04-C — РС4ТВ',0,NULL),(879,'12',1,'Кабель РК 64 PCI — DB-50',0,NULL),(880,'13',1,'Кабель РК 64 PCI — DB-50',0,NULL),(881,'14',1,'Кабель РК 64 PCI — DB-50',0,NULL),(882,'15',1,'Кабель РК 64 PCI — DB-50',0,NULL),(883,'16',1,'Кабель РК 64 PCI — DB-50',0,NULL),(884,'17',1,'Кабель РК 64 PCI — DB-50',0,NULL),(885,'18',1,'Кабель РК 64 PCI — DB-50',0,NULL),(886,'19',1,'Кабель РК 64 PCI — DB-50',0,NULL),(887,'20',1,'Кабель РК 64 PCI — DB-50',0,NULL),(888,'21',1,'Кабель РК 64 PCI — DB-50',0,NULL),(889,'22',1,'Кабель РК 64 PCI — DB-50',0,NULL),(890,'23',1,'Кабель РК 64 PCI — DB-50',0,NULL),(891,'24',1,'Кабель РК 64 PCI — DB-50',0,NULL),(892,'25',1,'Кабель РК 64 PCI — DB-50',0,NULL),(893,'26',1,'Кабель РК 64 PCI — DB-50',0,NULL),(894,'27',1,'Кабель РК 64 PCI — DB-50',0,NULL),(895,'28',1,'Кабель РК 64 PCI — DB-50',0,NULL),(896,'29',1,'Кабель РК 64 PCI — DB-50',0,NULL),(897,'30',1,'Кабель РК 64 PCI — DB-50',0,NULL),(898,'31',1,'Кабель РК 64 PCI — DB-50',0,NULL),(899,'12',1,'Кабель питания РК 64 PCI',0,NULL),(900,'13',1,'Кабель питания РК 64 PCI',0,NULL),(901,'14',1,'Кабель питания РК 64 PCI',0,NULL),(902,'15',1,'Кабель питания РК 64 PCI',0,NULL),(903,'16',1,'Кабель питания РК 64 PCI',0,NULL),(904,'17',1,'Кабель питания РК 64 PCI',0,NULL),(905,'18',1,'Кабель питания РК 64 PCI',0,NULL),(906,'19',1,'Кабель питания РК 64 PCI',0,NULL),(907,'20',1,'Кабель питания РК 64 PCI',0,NULL),(908,'21',1,'Кабель питания РК 64 PCI',0,NULL),(909,'22',1,'Кабель питания РК 64 PCI',0,NULL),(910,'23',1,'Кабель питания РК 64 PCI',0,NULL),(911,'24',1,'Кабель питания РК 64 PCI',0,NULL),(912,'25',1,'Кабель питания РК 64 PCI',0,NULL),(913,'26',1,'Кабель питания РК 64 PCI',0,NULL),(914,'27',1,'Кабель питания РК 64 PCI',0,NULL),(915,'28',1,'Кабель питания РК 64 PCI',0,NULL),(916,'29',1,'Кабель питания РК 64 PCI',0,NULL),(917,'30',1,'Кабель питания РК 64 PCI',0,NULL),(918,'31',1,'Кабель питания РК 64 PCI',0,NULL),(919,'53542995',1,'Плата РК 64 PCI',0,NULL),(920,'53542998',0,'Плата РК 64 PCI',0,NULL),(921,'53542984',0,'Плата РК 64 PCI',0,NULL),(922,'53542996',0,'Плата РК 64 PCI',0,NULL),(923,'53543000',0,'Плата РК 64 PCI',0,NULL),(924,'53542993',0,'Плата РК 64 PCI',0,NULL),(925,'53543008',0,'Плата РК 64 PCI',0,NULL),(926,'53543012',0,'Плата РК 64 PCI',0,NULL),(927,'53543009',0,'Плата РК 64 PCI',0,NULL),(928,'53542994',0,'Плата РК 64 PCI',0,NULL),(929,'53543013',0,'Плата РК 64 PCI',0,NULL),(930,'53543010',0,'Плата РК 64 PCI',0,NULL),(931,'53543011',0,'Плата РК 64 PCI',0,NULL),(932,'53542997',1,'Плата РК 64 PCI',0,NULL),(933,'53542999',0,'Плата РК 64 PCI',0,NULL),(934,'53543001',0,'Плата РК 64 PCI',0,NULL),(935,'53542985',0,'Плата РК 64 PCI',0,NULL),(936,'53542982',1,'Плата РК 64 PCI',0,NULL),(937,'53542992',1,'Плата РК 64 PCI',0,NULL),(938,'53542983',1,'Плата РК 64 PCI',0,NULL),(939,'КСР2.0053.18',1,'Кабель РС4ТВ — РС4ТВ',0,NULL),(941,'тестовый',0,'тест',0,NULL),(942,'18484',1,'Плата PCI429-4-3C',0,NULL),(943,'18485',1,'Плата PCI429-4-3C',0,NULL),(944,'18615',1,'Плата PCI429-4-3C',0,NULL),(945,'18616',1,'Плата PCI429-4-3C',0,NULL),(946,'18619',1,'Плата PCI429-4-3C',0,NULL),(947,'18618',1,'Плата PCI429-4-3C',0,NULL),(948,'18617',1,'Плата PCI429-4-3C',0,NULL),(949,'2128',1,'Плата TA1-PCI4-04-C',0,NULL),(950,'2129',1,'Плата TA1-PCI4-04-C',0,NULL),(952,'00PEB1200133',0,'Плата CP-132',0,NULL),(953,'343',1,'тест',1,NULL),(955,'TZHI01010186',1,'Плата CP-104UL V2',0,NULL),(956,'CBP-000252',1,'Плата CAN-bus-PCI',0,NULL),(957,'11470952608',1,'Плата I-461 PCI-E 4S1P',0,NULL),(958,'53543029',0,'Плата РК 64 PCI',0,NULL),(959,'53543027',0,'Плата РК 64 PCI',0,NULL),(960,'53543030',0,'Плата РК 64 PCI',0,NULL),(961,'53543031',0,'Плата РК 64 PCI',0,NULL),(962,'53543028',1,'Плата РК 64 PCI',0,NULL),(963,'53543026',1,'Плата РК 64 PCI',0,NULL),(964,'53543025',1,'Плата РК 64 PCI',0,NULL),(965,'53543032',1,'Плата РК 64 PCI',0,NULL),(966,'53543024',1,'Плата РК 64 PCI',0,NULL),(967,'120651824',0,'Плата ПРК PCI-S',0,NULL),(968,'120651827',0,'Плата ПРК PCI-S',0,NULL),(969,'120651825',0,'Плата ПРК PCI-S',0,NULL),(970,'120651826',0,'Плата ПРК PCI-S',0,NULL),(971,'120651830',0,'Плата ПРК PCI-S',0,NULL),(972,'120651831',0,'Плата ПРК PCI-S',0,NULL),(973,'120651828',0,'Плата ПРК PCI-S',0,NULL),(974,'120651829',0,'Плата ПРК PCI-S',0,NULL);
/*!40000 ALTER TABLE `objects` ENABLE KEYS */;
UNLOCK TABLES;

--
-- Table structure for table `records`
--

DROP TABLE IF EXISTS `records`;
/*!40101 SET @saved_cs_client     = @@character_set_client */;
/*!40101 SET character_set_client = utf8 */;
CREATE TABLE `records` (
  `recordId` int(11) NOT NULL,
  `objId` varchar(50) NOT NULL,
  `name` text NOT NULL,
  `location` text NOT NULL,
  `takingDate` text NOT NULL,
  `returnDate` text NOT NULL,
  `comments` text
) ENGINE=InnoDB DEFAULT CHARSET=utf8;
/*!40101 SET character_set_client = @saved_cs_client */;

--
-- Dumping data for table `records`
--

LOCK TABLES `records` WRITE;
/*!40000 ALTER TABLE `records` DISABLE KEYS */;
INSERT INTO `records` VALUES (1,'219','test','ыва','2017-11-12','2017-11-22',''),(2,'219','фыв','фывф','2017-11-22','2017-11-22',''),(1,'314','Глухов М.А.','ms-501','30.03.2013','',''),(1,'310','Г. Ф.А.','ms-301','2013-04-16','02-02-2018',''),(1,'311','Барулин А.С.','ms-302','2014-07-09','02-02-2018',''),(1,'312','Барулин А.С.','Лиза','2014-07-09','',''),(1,'316','Барулин А.С.','ms-302','2014-07-29','2017-11-28',''),(1,'315','Марунков П.А.','КПМ-1600 PCBOX10','2015-02-12','',''),(1,'313','Барулин А.С.','ms-302','2014-07-29','02-02-2018',''),(1,'275','тестов','тест','2017-11-28','2017-11-28','тестовый'),(2,'316','Кондратов И.Л','Егоров','2016-03-03','2017-11-28',''),(1,'318','Голубев А.А','ПК','2015-12-08','',''),(1,'35','Барулин А.С.','КПМ-4503, ms-402','2016-07-25','2017-11-28',''),(1,'319','Глухова Э. Д.','СВПО','2016-09-19','',''),(1,'320','Глухова Э. Д.','СВПО','2016-09-19','',''),(1,'321','Белов А.И.','Метрологу','2016-12-16','',''),(1,'12','Глухов М.А.','Тест','2017-03-31','08-12-2017','PCBOX в наливочной'),(1,'323','Барулин А.С.','КРМП','2017-11-28','',''),(3,'219','Барулин А.С.','ms-302','2017-11-28','18-01-2018',''),(2,'275','1','2','2017-11-28','2017-11-28','TEST'),(1,'325','Кондратов И.Е.','КПМ-70','2017-11-28','12-01-2018','на спецпроверку'),(3,'275','2','1','2017-11-28','2017-11-28','TEST'),(1,'144','Кондратов И.Е.','КПМ-70','2017-11-28','12-01-2018','на спецпроверку'),(4,'275','12','2','2017-11-28','2017-11-28','TEST'),(1,'140','Кондратов И.Е.','КПМ-70','2017-11-28','12-01-2018','на спецпроверку'),(1,'145','Кондратов И.Е.','КПМ-70','2017-11-28','12-01-2018','на спецпроверку'),(5,'275','2','32','2017-11-28','2017-11-28','TEST'),(1,'129','Кондратов И.Е.','КПМ-70','2017-11-28','12-01-2018','на спецпроверку'),(1,'128','Кондратов И.Е.','КПМ-70','2017-11-28','12-01-2018','на спецпроверку'),(1,'154','Кондратов И.Е.','КПМ-70','2017-11-28','12-01-2018','на спецпроверку'),(6,'275','3','3','2017-11-28','2017-11-28','TEST'),(7,'275','2','Амбер','2017-11-28','2017-11-28','TEST'),(8,'275','1','Амбер','2017-11-28','2017-11-28','TEST'),(9,'275','Корвин Кори','Амбер','2017-11-28','2017-11-28','TEST'),(10,'275','Корвин Кори','Амбер','2017-11-28','2017-11-28','TEST'),(1,'322','Кондратов И.Е.','КПМ-70','2017-11-28','12-01-2018','на спецпроверку'),(1,'36','Кондратов И.Е.','КПМ-70','2017-11-28','','на спецпроверку'),(1,'326','Кондратов И.Е.','КПМ-70','2017-11-28','31-01-2018','на спецпроверку'),(1,'13','Кондратов И.Е.','КПМ-70','2017-11-28','12-01-2018','на спецпроверку'),(1,'14','Кондратов И.Е.','КПМ-70','2017-11-28','','на спецпроверку'),(1,'11','Кондратов И.Е.','КПМ-70','2017-11-28','','на спецпроверку'),(1,'15','Кондратов И.Е.','КПМ-70','2017-11-28','','на спецпроверку'),(1,'16','Кондратов И.Е.','КПМ-70','2017-11-28','','на спецпроверку'),(1,'17','Кондратов И.Е.','КПМ-70','2017-11-28','12-01-2018','на спецпроверку'),(1,'38','Кондратов И.Е.','КПМ-70','2017-11-28','','на спецпроверку'),(1,'327','Кондратов И.Е.','КПМ-70','2017-11-28','12-01-2018','на спецпроверку'),(1,'328','Кондратов И.Е.','КПМ-70','2017-11-28','12-01-2018','на спецпроверку'),(1,'123','Кондратов И.Е.','КПМ-70','2017-11-28','12-01-2018','на спецпроверку'),(1,'308','Кондратов И.Е.','КПМ-70','2017-11-28','2017-11-28',''),(2,'308','Кондратов И.Е.','КПМ-70','2017-11-28','12-01-2018','на спецпроверку'),(1,'309','Кондратов И.Е.','КПМ-70','2017-11-28','12-01-2018','на спецпроверку'),(1,'124','Кондратов И.Е.','КПМ-70','2017-11-28','12-01-2018','на спецпроверку'),(3,'316','Кондратов И.Е.','Егоров','2016-03-03','2017-11-28',''),(4,'316','Корвин Кори','Амбер','2017-11-28','','TEST'),(1,'329','Глухова Э.Д.','СВПО','2016-09-19','',''),(1,'330','Глухова Э.Д.','СВПО','2016-09-19','',''),(1,'331','Глухова Э.Д.','СВПО','2016-09-19','',''),(1,'333','Глухов М.А.','magluhov','2016-12-07','','Тест, PCBOX в наливочной'),(1,'335','Барулин А.С.','Новиков 30к','2017-02-01','',''),(1,'336','Барулин А.С.','КРМП','2017-11-28','',''),(1,'133','Голубев А.А.','ms-403','2017-11-01','19-7-2019',''),(1,'338','Голубев А.А.','ms-402','2017-11-30','',''),(1,'339','Глухова Э.Д.','ms-501','2013-03-30','','Последний раз видели у Качалова Александра'),(1,'340','Кондратов И.Е.','Егоров','2015-02-17','',''),(1,'341','Кондратов И.Е.','Егоров','2015-02-17','','до 06.15'),(1,'343','Перепечкин С.А.','Кабина ВП','2016-05-13','28-12-2017','PCBOX в кабине 1420'),(1,'344','Елизаров Г.И.','КПМ-1420','2016-01-17','',''),(1,'345','Елизаров Г.И.','КПМ-1420','2016-01-17','',''),(1,'349','Глухова Э.Д.','СВПО','2016-09-19','',''),(1,'350','Глухова Э.Д.','СВПО','2016-09-19','',''),(1,'351','Глухова Э.Д.','СВПО','2016-09-19','',''),(1,'352','Глухова Э.Д.','СВПО','2016-09-19','',''),(1,'353','Глухова Э.Д.','СВПО','2016-09-19','',''),(1,'354','Глухова Э.Д.','СВПО','2016-09-19','',''),(1,'355','Глухова Э.Д.','СВПО','2016-09-19','',''),(1,'356','Глухова Э.Д.','СВПО','2016-09-19','',''),(1,'357','Глухова Э.Д.','СВПО','2016-09-19','',''),(1,'358','Глухова Э.Д.','СВПО','2016-09-19','2017-11-28',''),(1,'359','Глухова Э.Д.','СВПО','2016-09-19','',''),(2,'35','Барулин А.С.','КПМ-4503, ms-402','2016-07-25','','A-737'),(2,'358','Глухова Э.Д.','Тест','2016-12-07','','PCBOX в наливочной'),(1,'337','Голубев А.А.','ms-403','01-11-2017','',''),(1,'296','Барулин А.С.','Туполев','12-02-2014','',''),(1,'365','Барулин А.С.','КПМ-1600','30-11-2014','','Место програмиста'),(1,'368','Барулин А.С.','КПМ-1600, ms-301','30-11-2013','02-02-2018',''),(1,'369','Барулин А.С.','КПМ-1600, ms-210','30-11-2013','30-11-2017',''),(2,'369','Барулин А.С.','КПМ-1420, ms-210','30-11-2017','30-11-2017',''),(1,'370','Белов А.И.','КПМ-1420, ms-201','30-11-2013','',''),(3,'369','Барулин А.С.','КПМ-1420, ms-210','30-11-2013','08-12-2017',''),(1,'371','Барулин А.С.','КПМ-1420, ms-201','30-11-2013','',''),(1,'372','Барулин А.С.','КПМ-1420, ms-201','30-11-2013','',''),(1,'373','Глухов М.А.','Test, ms-501','21-03-2013','30-5-2019','PCBOX в наливочной'),(1,'222','Барулин А.С.','КПМ-4503, ms-402','24-11-2014','06-12-2017','Тест, СЕВ'),(1,'374','Барулин А.С.','КПМ-1420М, ms-210','30-11-2013','',''),(1,'375','Барулин А.С.','КПМ-1420М, ms-210','30-11-2013','',''),(1,'376','Барулин А.С.','КПМ-1420М, ms-210','30-11-2013','',''),(1,'377','Барулин А.С.','КПМ-1420М, ms-210','30-11-2013','',''),(1,'378','Барулин А.С.','КПМ-1420М, ms-210','30-11-2013','',''),(1,'379','Барулин А.С.','КПМ-4503, ms-401','30-11-2014','',''),(1,'380','Барулин А.С.','КПМ-4503, ms-401','30-11-2014','',''),(1,'381','Барулин А.С.','КПМ-4503, ms-401','30-11-2014','',''),(1,'382','Барулин А.С.','КПМ-1600, ms-302','09-07-2014','02-02-2018',''),(1,'383','Барулин А.С.','КПМ-1600, ms-303','10-10-2014','02-02-2018',''),(1,'386','Глухов М.А.','PCBOX 16-005, наливочная ','06-04-2017','','Драйвер пишу'),(1,'387','Глухов М.А.','Наливочная, ms-501','06-04-2017','',''),(1,'384','Барулин А.С.','КПМ-1420М, ms-210','30-11-2013','',''),(1,'385','Барулин А.С.','КПМ-4503, ms-401','30-11-2013','',''),(1,'388','Барулин А.С.','КПМ-1600, ms-301','30-11-2013','02-02-2018',''),(1,'389','Барулин А.С.','КПМ-1600, раб. место програмиста','30-11-2013','11-3-2019',''),(1,'392','Барулин А.С.','КПМ-4503, ms-401','30-11-2014','',''),(1,'393','Барулин А.С.','КПМ-4503, ms-401','30-11-2014','',''),(1,'394','Качалов А.В.','Рабочее место','29-11-2017','',''),(1,'396','Барулин А.С.','КПМ-1600, ms-301','30-11-2013','02-02-2018',''),(1,'397','Барулин А.С.','КПМ-1600, ms-301','30-11-2013','02-02-2018',''),(1,'398','Барулин А.С.','КПМ-1600, ms-303','10-10-2014','02-02-2018',''),(1,'399','Марунков П.А.','КПМ-1600, первый этаж','17-12-2015','',''),(1,'400','Глухов М.А.','PCBOX 16-005, наливочная','20-04-2017','11-7-2018','Тест'),(1,'401','Глухов М.А.','Наливочная, ms-501','20-04-2017','','Тест'),(1,'402','Барулин А.С.','КПМ-1420М, ms-210','30-11-2013','',''),(1,'403','Белов А.И.','КПМ-1420М, ms-210','30-11-2013','',''),(1,'404','Барулин А.С.','КПМ-1420М, ms-211','30-11-2013','',''),(1,'405','Барулин А.С.','КПМ-4503, ms-401','30-11-2014','',''),(1,'406','Барулин А.С.','КПМ-4503, ms-401','30-11-2014','',''),(1,'407','Барулин А.С.','КПМ-1600, ms-302','30-11-2014','02-02-2018',''),(1,'408','Перепечкин С.А.','КПМ-1600-1, ms-06','10-04-2013','',''),(1,'409','Барулин А.С.','Питер, Лениниц','20-06-2013','',''),(1,'410','Елизаров Г.И.','КПМ-1600-1, ms-10','05-12-2013','',''),(1,'415','Елизаров Г.И.','КПМ-1600-1, ms-02','05-12-2013','',''),(1,'411','Елизаров Г.И.','КПМ-1600-1, ms-03','05-12-2013','',''),(1,'412','Елизаров Г.И.','КПМ-1600-1, ms-03','05-12-2013','',''),(1,'413','Елизаров Г.И.','КПМ-1600-1, ms-04','05-12-2013','',''),(1,'416','Елизаров Г.И.','КПМ-1600-1, ms-05','05-12-2013','',''),(1,'417','Елизаров Г.И.','КПМ-1600-1, ms-06','05-12-2013','',''),(1,'419','Елизаров Г.И.','КПМ-1600-1, ms-10','05-12-2013','',''),(1,'420','Елизаров Г.И.','КПМ-1600-1, ms-10','05-12-2013','',''),(1,'418','Елизаров Г.И.','КПМ-1600-1, ms-06','05-12-2013','',''),(1,'421','Елизаров Г.И.','КПМ-1600-1, ms-10','05-12-2013','',''),(1,'422','Елизаров Г.И.','КПМ-1600-1, ms-06','05-12-2013','',''),(1,'423','Елизаров Г.И.','КПМ-1420-1, ms-04','05-12-2013','',''),(1,'435','Барулин А.С.','КПМ-1420М, ms-210','05-12-2013','',''),(1,'436','Барулин А.С.','КПМ-1600, ms-303','05-12-2013','02-02-2018',''),(1,'437','Барулин А.С.','Петрову П.С., в 30 корпус','20-11-2015','','Регистратор'),(1,'438','Барулин А.С.','30 корпус','22-04-2016','','Регистратор'),(1,'439','Глухов М.А.','Наливочная, ms-501','07-02-2017','','Тест. мат. мод.'),(1,'440','Барулин А.С.','КПМ-4503, ms-401','05-12-2014','',''),(1,'441','Елизаров Г.И.','КПМ-1600-1, ms-05','05-12-2013','',''),(1,'442','Елизаров Г.И.','КПМ-1600-1, ms-06','05-12-2013','',''),(1,'443','Елизаров Г.И.','КПМ-1600-1, ms-07','05-12-2013','',''),(1,'444','Елизаров Г.И.','КПМ-1600-1, ms-10','05-12-2013','',''),(1,'445','Елизаров Г.И.','КПМ-1600-1, ms-04','05-12-2013','',''),(1,'446','Глухов М.А.','Наливочная, ms-501','05-12-2016','',''),(1,'447','Елизаров Г.И.','КПМ-1600-1, ms-05','05-12-2013','',''),(1,'448','Елизаров Г.И.','КПМ-1600-1, ms-07','05-12-2013','',''),(1,'449','Елизаров Г.И.','КПМ-1600-1, ms-06','05-12-2013','',''),(1,'450','Елизаров Г.И.','КПМ-1600-1, ms-10','05-12-2013','',''),(1,'451','Елизаров Г.И.','КПМ-1600-1, ms-03','05-12-2013','',''),(1,'452','Елизаров Г.И.','КПМ-1600-1, ms-05','05-12-2013','',''),(1,'453','Елизаров Г.И.','КПМ-1600-1, ms-06','05-12-2013','',''),(1,'454','Елизаров Г.И.','КПМ-1600-1, ms-02','05-12-2013','',''),(1,'455','Елизаров Г.И.','КПМ-1600-1, ms-04','05-12-2013','',''),(1,'456','Елизаров Г.И.','КПМ-1600-1, ms-06','05-12-2013','08-12-2017',''),(1,'458','Елизаров Г.И.','КПМ-1420-1, ms-02','05-12-2013','',''),(1,'461','Елизаров Г.И.','КПМ-1600-1, ms-02','05-12-2013','',''),(1,'462','Елизаров Г.И.','КПМ-1600-1, ms-03','05-12-2013','',''),(1,'463','Елизаров Г.И.','КПМ-1420-1, ms-03','05-12-2013','',''),(1,'464','Елизаров Г.И.','КПМ-1420-1, ms-04','05-12-2013','',''),(1,'465','Елизаров Г.И.','КПМ-1420-1, ms-04','05-12-2013','',''),(1,'466','Елизаров Г.И.','КПМ-1420-1, ms-05','05-12-2013','',''),(1,'468','Елизаров Г.И.','КПМ-1420-1, ms-05','05-12-2013','',''),(1,'469','Елизаров Г.И.','КПМ-1420-1, ms-05','05-12-2013','',''),(1,'470','Елизаров Г.И.','КПМ-1420-1, ms-05','05-12-2013','',''),(1,'471','Елизаров Г.И.','КПМ-1420-1, ms-05','05-12-2013','',''),(1,'472','Елизаров Г.И.','КПМ-1420-1, ms-06','05-12-2013','',''),(1,'467','Елизаров Г.И.','КПМ-1420-1, ms-06','05-12-2013','',''),(1,'473','Елизаров Г.И.','КПМ-1420-1, ms-07','05-12-2013','',''),(1,'474','Елизаров Г.И.','КПМ-1420-1, ms-07','05-12-2013','',''),(1,'475','Елизаров Г.И.','КПМ-1420-1, ms-07','05-12-2013','',''),(1,'476','Елизаров Г.И.','КПМ-1420-1, ms-02','05-12-2013','',''),(1,'477','Елизаров Г.И.','КПМ-1420-1, ms-02','05-12-2013','',''),(1,'478','Елизаров Г.И.','КПМ-1420-1, ms-03','05-12-2013','',''),(1,'479','Елизаров Г.И.','КПМ-1420-1, ms-04','05-12-2013','',''),(1,'480','Елизаров Г.И.','КПМ-1420-1, ms-04','05-12-2013','',''),(1,'481','Елизаров Г.И.','КПМ-1420-1, ms-05','05-12-2013','',''),(1,'395','Елизаров Г.И.','КПМ-1420-1, ms-06','05-12-2013','',''),(1,'482','Елизаров Г.И.','КПМ-1420-1, ms-06','05-12-2013','',''),(1,'483','Елизаров Г.И.','КПМ-1420-1, ms-06','05-12-2013','',''),(1,'218','Елизаров Г.И.','КПМ-1420-1, ms-06','05-12-2013','',''),(1,'485','Елизаров Г.И.','КПМ-1420-1, ms-06','05-12-2013','',''),(1,'487','Елизаров Г.И.','КПМ-1600-1','05-12-2017','','Находились в коробке с платами'),(1,'486','Елизаров Г.И.','КПМ-1600-1','05-12-2017','','Находились в коробке с платами'),(1,'488','Елизаров Г.И.','КПМ-1600-1','05-12-2017','','Находились в коробке с платами'),(1,'489','Елизаров Г.И.','КПМ-1600-1','05-12-2017','','Находились в коробке с платами'),(1,'490','Елизаров Г.И.','КПМ-1600-1','05-12-2017','','Находились в коробке с платами'),(1,'491','Елизаров Г.И.','КПМ-1600-1','05-12-2017','','Находились в коробке с платами'),(1,'492','Елизаров Г.И.','КПМ-1600-1','05-12-2017','','Находились в коробке с платами'),(1,'493','Елизаров Г.И.','КПМ-1600-1','05-12-2017','','Находились в коробке с платами'),(1,'494','Елизаров Г.И.','КПМ-1600-1','05-12-2017','','Находились в коробке с платами'),(1,'498','Елизаров Г.И.','КПМ-1600-1','05-12-2017','','Находились в коробке с платами'),(1,'497','Елизаров Г.И.','КПМ-1600-1','05-12-2017','','Находились в коробке с платами'),(1,'496','Елизаров Г.И.','КПМ-1600-1','05-12-2017','','Находились в коробке с платами'),(1,'495','Елизаров Г.И.','КПМ-1600-1','05-12-2017','','Находились в коробке с платами'),(1,'499','Елизаров Г.И.','КПМ-1600-1','05-12-2017','','Последний раз была в столе в Саши Качалого'),(1,'500','Елизаров Г.И.','КПМ-1600-1','05-12-2017','','Последний раз была в столе Саши Качалого'),(1,'501','Елизаров Г.И.','КПМ-1600-1','05-12-2017','','Последний раз была в столе Саши Качалого'),(1,'549','Барулин А.С.','30 корпус','22-04-2016','','Регистрация'),(1,'550','Барулин А.С.','КПМ-1420М, ms-201','07-12-2013','',''),(1,'591','Голубев А.А.','КПМ-4503, Стойка №1','07-11-2017','',''),(1,'607','Голубев А.А.','КПМ-4503, Стойка №1','07-11-2017','',''),(1,'633','Глухов М.А.','Наливочная','07-03-2017','29-6-2018',''),(1,'642','Глухов М.А.','Наливочная','07-03-2017','29-6-2018',''),(1,'637','Глухов М.А.','Наливочная','07-03-2017','29-6-2018',''),(1,'643','Глухов М.А.','Наливочная','07-03-2017','29-6-2018',''),(1,'631','Левыкин А.П.','Рабочее место','20-10-2017','',''),(1,'645','Карманов И.Ю.','СВПО стойка №1','08-12-2016','','Самолетное оборудование'),(1,'635','Карманов И.Ю.','СВПО стойка №1','08-12-2016','','Самолетное оборудование'),(1,'632','Карманов И.Ю.','СВПО стойка №1','08-12-2016','','Самолетное оборудование'),(1,'650','Карманов И.Ю.','СВПО стойка №1','08-12-2016','','Самолетное оборудование'),(1,'649','Карманов И.Ю.','СВПО стойка №2','08-12-2016','','Имитационная среда'),(2,'12','Барулин А. С.','Наливочная, ms-501','08-12-2017','08-12-2017',''),(1,'646','Карманов И.Ю.','СВПО стойка №2','08-12-2016','','Имитационная среда'),(1,'647','Карманов И.Ю.','СВПО стойка №2','08-12-2016','','Имитационная среда'),(1,'638','Карманов И.Ю.','СВПО стойка №2','08-12-2016','','Имитационная среда'),(1,'636','Карманов И.Ю.','КРМП','08-11-2017','',''),(1,'640','Карманов И.Ю.','КРМП','08-11-2017','',''),(1,'641','Карманов И.Ю.','КРМП','08-11-2017','',''),(1,'648','Карманов И.Ю.','КРМП','08-11-2017','',''),(1,'651','Елизаров Г.И.','КПМ-1600-1, ms-10','08-12-2013','',''),(1,'652','Елизаров Г.И.','КПМ-1600-1, ms-02','08-12-2013','',''),(1,'653','Елизаров Г.И.','КПМ-1600-1, ms-03','08-12-2013','',''),(1,'654','Елизаров Г.И.','КПМ-1600-1, ms-03','08-12-2013','',''),(1,'655','Елизаров Г.И.','КПМ-1600-1, ms-04','08-12-2013','',''),(1,'656','Елизаров Г.И.','КПМ-1600-1, ms-02','08-12-2013','',''),(1,'657','Елизаров Г.И.','КПМ-1600-1, ms-02','08-12-2013','',''),(1,'658','Елизаров Г.И.','КПМ-1600-1, ms-05','08-12-2013','',''),(1,'659','Елизаров Г.И.','КПМ-1600-1, ms-06','08-12-2013','',''),(1,'660','Елизаров Г.И.','КПМ-1600-1, ms-06','08-12-2013','',''),(1,'661','Елизаров Г.И.','КПМ-1600-1, ms-10','08-12-2013','',''),(1,'662','Елизаров Г.И.','КПМ-1600-1, ms-10','08-12-2013','',''),(1,'663','Елизаров Г.И.','КПМ-1600-1, ms-10','08-12-2013','',''),(1,'664','Елизаров Г.И.','КПМ-1600-1, ms-05','08-12-2013','',''),(1,'665','Елизаров Г.И.','КПМ-1600-1, ms-06','08-12-2013','',''),(1,'666','Елизаров Г.И.','КПМ-1600-1, ms-02','08-12-2013','',''),(1,'667','Елизаров Г.И.','КПМ-1600-1, ms-04','08-12-2013','',''),(1,'668','Елизаров Г.И.','КПМ-1600-1, ms-05','08-12-2013','',''),(1,'669','Елизаров Г.И.','КПМ-1600-1, ms-06','08-12-2013','',''),(1,'670','Елизаров Г.И.','КПМ-1600-1, ms-07','08-12-2013','',''),(1,'671','Елизаров Г.И.','КПМ-1600-1, ms-10','08-12-2013','',''),(1,'672','Елизаров Г.И.','КПМ-1600-1, ms-04','08-12-2013','',''),(1,'673','Елизаров Г.И.','КПМ-1600-1, ms-10','08-12-2013','',''),(1,'674','Елизаров Г.И.','КПМ-1600-1, ms-03','08-12-2013','',''),(1,'675','Елизаров Г.И.','КПМ-1600-1, ms-05','08-12-2013','',''),(1,'676','Елизаров Г.И.','КПМ-1600-1, ms-06','08-12-2013','',''),(1,'677','Елизаров Г.И.','КПМ-1600-1, ms-07','08-12-2013','',''),(1,'678','Елизаров Г.И.','КПМ-1600-1, ms-05','08-12-2013','',''),(1,'679','Елизаров Г.И.','КПМ-1600-1, ms-06','08-12-2013','',''),(1,'681','Елизаров Г.И.','КПМ-1420-1, ms-02','08-12-2013','',''),(1,'682','Елизаров Г.И.','КПМ-1600-1, ms-07','08-12-2013','08-12-2017',''),(1,'683','Елизаров Г.И.','КПМ-1420-1, ms-02','08-12-2013','',''),(2,'456','Елизаров Г.И.','КПМ-1420-1, ms-06','08-12-2013','',''),(1,'684','Елизаров Г.И.','КПМ-1420-1, ms-06','08-12-2013','08-12-2017',''),(1,'685','Елизаров Г.И.','КПМ-1600-1, ms-02','08-12-2013','08-12-2017',''),(1,'686','Елизаров Г.И.','КПМ-1600-1, ms-03','08-12-2013','08-12-2017',''),(1,'687','Елизаров Г.И.','КПМ-1600-1, ms-04','08-12-2013','08-12-2017',''),(1,'688','Елизаров Г.И.','КПМ-1600-1, ms-05','08-12-2013','08-12-2017',''),(1,'689','Елизаров Г.И.','КПМ-1420-1, ms-03','08-12-2013','',''),(2,'682','Елизаров Г.И.','КПМ-1420-1, ms-07','08-12-2013','',''),(1,'697','Елизаров Г.И.','КПМ-1420-1, ms-07','08-12-2013','',''),(2,'684','Елизаров Г.И.','КПМ-1420-1, ms-02','08-12-2013','',''),(2,'685','Елизаров Г.И.','КПМ-1420-1, ms-03','08-12-2013','',''),(2,'686','Елизаров Г.И.','КПМ-1420-1, ms-04','08-12-2013','',''),(2,'687','Елизаров Г.И.','КПМ-1420-1, ms-05','08-12-2013','',''),(2,'688','Елизаров Г.И.','КПМ-1600-1, ms-06','08-12-2013','',''),(1,'690','Елизаров Г.И.','КПМ-1420-1, ms-04','08-12-2013','',''),(1,'691','Елизаров Г.И.','КПМ-1420-1, ms-04','08-12-2013','',''),(1,'692','Елизаров Г.И.','КПМ-1420-1, ms-05','08-12-2013','16-01-2018',''),(1,'693','Елизаров Г.И.','КПМ-1420-1, ms-05','08-12-2013','',''),(1,'694','Елизаров Г.И.','КПМ-1420-1, ms-06','08-12-2013','',''),(1,'695','Елизаров Г.И.','КПМ-1420-1, ms-06','08-12-2013','',''),(1,'696','Елизаров Г.И.','КПМ-1420-1, ms-07','08-12-2013','',''),(1,'698','Елизаров Г.И.','КПМ-1420-1, ms-04','08-12-2013','',''),(1,'699','Елизаров Г.И.','КПМ-1420-1, ms-05','08-12-2013','',''),(1,'700','Елизаров Г.И.','КПМ-1420-1, ms-06','08-12-2013','',''),(1,'701','Елизаров Г.И.','КПМ-1420-1, ms-04','08-12-2013','',''),(1,'702','Елизаров Г.И.','КПМ-1420-1, ms-05','08-12-2013','',''),(1,'703','Елизаров Г.И.','КПМ-1420-1, ms-06','08-12-2013','',''),(1,'704','Елизаров Г.И.','КПМ-1420-1, ms-07','08-12-2013','',''),(1,'705','Елизаров Г.И.','КПМ-1420-1, ms-04','08-12-2013','',''),(1,'706','Елизаров Г.И.','КПМ-1420-1, ms-05','08-12-2013','',''),(1,'707','Елизаров Г.И.','КПМ-1420-1, ms-06','08-12-2013','',''),(1,'708','Барулин А.С.','КПМ-1420М, ms-210','08-12-2013','',''),(1,'709','Барулин А.С.','КПМ-1420М, ms-210','08-12-2013','',''),(1,'710','Барулин А.С.','КПМ-1420М, ms-210','08-12-2013','',''),(1,'711','Барулин А.С.','КПМ-1420М, ms-210','08-12-2013','',''),(1,'712','Барулин А.С.','КПМ-1420М, ms-210','08-12-2013','',''),(1,'713','Барулин А.С.','КПМ-4503, ms-401','08-12-2014','',''),(1,'714','Барулин А.С.','КПМ-4503, ms-401','08-12-2014','',''),(1,'715','Барулин А.С.','КПМ-4503, ms-401','08-12-2014','',''),(1,'716','Барулин А.С.','КПМ-1600, ms-303','08-12-2013','06-02-2018',''),(1,'717','Барулин А.С.','КПМ-4503, ms-401','08-12-2014','',''),(1,'718','Глухов М.А.','Наливочная, ms-501','08-12-2017','',''),(1,'719','Барулин А.С.','КПМ-1420М, ms-210','08-12-2013','',''),(1,'720','Барулин А.С.','КПМ-1420М, ms-210','08-12-2013','',''),(1,'721','Барулин А.С.','КПМ-1420М, ms-201','08-12-2013','',''),(1,'722','Барулин А.С.','КПМ-4503, ms-401','08-12-2013','',''),(1,'723','Барулин А.С.','КПМ-4503, ms-401','08-12-2013','',''),(1,'724','Барулин А.С.','КПМ-1600, ms-302','08-12-2013','06-02-2018',''),(1,'726','Барулин А.С.','КПМ-1600, ms-301','08-12-2013','',''),(1,'727','Барулин А.С.','КПМ-4503, ms-401','08-12-2014','',''),(1,'728','Барулин А.С.','КПМ-4503, ms-401','08-12-2014','',''),(3,'12','Барулин А. С.','БЕЗДАТЫ','21-12-2017','24-5-2019','ПРОВЕРКА'),(4,'369','Барулин А. С.','КПМ-1420М, ms-210','08-12-2017','6-8-2019',''),(1,'729','Барулин А.С.','КПМ-1600, ms-302','09-07-2014','06-02-2018',''),(1,'730','Барулин А.С.','КПМ-1600, ms-303','10-10-2014','06-02-2018',''),(1,'731','Глухов М.А.','Наливочная, ms-501','13-12-2016','',''),(1,'732','Барулин А.С.','КПМ-1420, ms-210','13-12-2013','',''),(1,'733','Барулин А.С.','КПМ-4503, ms-401','13-12-2013','',''),(1,'734','Гвоздев Ф.А.','КПМ-1600, ms-301','16-04-2013','06-02-2018',''),(1,'735','Барулин А.С.','КПМ-1600, ms-302','09-07-2014','06-02-2018',''),(1,'736','Барулин А.С.','КПМ-1600, ms-302','29-07-2014','06-02-2018',''),(1,'737','Глухов М.А.','Наливочная, ms-501','31-03-2017','17-01-2018',''),(1,'738','Барулин А.С.','КПМ-1420, ms-210','13-12-2013','',''),(1,'739','Барулин А.С.','КПМ-1420, ms-201','13-12-2013','',''),(1,'741','Барулин А.С.','КПМ-1420М, ms-201','13-12-2013','','Заменить на PCI429-3-4C'),(1,'740','Барулин А.С.','КПМ-1600, ms-302','13-12-2013','06-02-2018',''),(1,'742','Перепечкин С.А.','Кабина ВП','13-05-2016','28-12-2017','Находиться в кабине КПМ-1420М'),(1,'743','Барулин А.С.','КПМ-1600, ms-301','13-12-2013','06-02-2018',''),(1,'744','Барулин А.С.','КПМ-1600, ms-301','13-12-2013','06-02-2018',''),(1,'745','Глухов М.А.','Наливочная, ms-501','13-12-2016','26-6-2018',''),(1,'746','Глухов М.А.','Наливочная, ms-501','13-12-2016','26-6-2018',''),(1,'747','Карманов И.Ю.','СВПО стойка №2','13-12-2017','','Имитационная среда'),(1,'748','Карманов И.Ю.','СВПО стойка №2','13-12-2017','','Имитационная среда'),(1,'749','Карманов И.Ю.','СВПО стойка №2','13-12-2017','','Имитационная среда'),(1,'750','Карманов И.Ю.','СВПО стойка №2','13-12-2017','','Имитационная среда'),(1,'751','Карманов И.Ю.','СВПО стойка №2','13-12-2017','',''),(1,'752','Карманов И.Ю.','СВПО стойка №2','13-12-2017','',''),(1,'753','Карманов И.Ю.','СВПО стойка №2','13-12-2017','',''),(1,'754','Карманов И.Ю.','СВПО стойка №2','13-12-2017','',''),(1,'755','Глухов М.А.','Наливочная, ms-501','13-12-2016','26-6-2018',''),(1,'756','Глухов М.А.','Наливочная, ms-501','13-12-2016','26-6-2018',''),(1,'757','Барулин А.С.','КПМ-1420М, ms-210','13-12-2013','',''),(1,'758','Барулин А.С.','КПМ-1420М, ms-210','13-12-2013','',''),(1,'759','Барулин А.С.','КПМ-1420М, ms-201','13-12-2013','',''),(1,'760','Барулин А.С.','КПМ-4503, ms-401','13-12-2013','',''),(1,'761','Барулин А.С.','КПМ-4503, ms-401','13-12-2013','',''),(1,'762','Барулин А.С.','КПМ-1600, ms-302','13-12-2013','13-12-2017',''),(2,'762','Барулин А.С.','КПМ-1600, ms-302','13-12-2013','02-02-2018','Длинный шлейф'),(1,'763','Барулин А.С.','КПМ-1600, ms-302','13-12-2013','02-02-2018','Короткий шлейф'),(1,'764','Глухов М.А.','Наливочная, ms-501','13-12-2016','','Длинный шлейф'),(1,'765','Глухов М.А.','Наливочная, ms-501','13-12-2016','','Короткий шлейф'),(1,'766','Барулин А.С.','КПМ-1420М, ms-210','13-12-2013','','Длинный шлейф'),(1,'767','Барулин А.С.','КПМ-1420М, ms-210','13-12-2013','','Короткий шлейф'),(1,'768','Барулин А.С.','КПМ-4503, ms-401','13-12-2013','','Длинный шлейф'),(1,'769','Барулин А.С.','КПМ-4503, ms-401','13-12-2013','','Короткий шлейф'),(1,'789','Барулин А.С.','КПМ-1600, ms-302','09-10-2014','06-02-2018',''),(1,'790','Барулин А.С.','КПМ-1600, ms-302','09-07-2014','06-02-2018',''),(1,'791','Барулин А.С.','КПМ-1420М, ms-210','14-12-2013','',''),(1,'792','Барулин А.С.','КПМ-1420М, ms-210','14-12-2013','',''),(1,'793','Глухов М.А.','Наливочная, ms-501','14-12-2016','',''),(1,'794','Глухов М.А.','Наливочная, ms-501','14-12-2016','',''),(1,'795','Барулин А.С.','КПМ-4503, ms-401','14-12-2013','',''),(1,'796','Барулин А.С.','КПМ-4503, ms-401','14-12-2013','',''),(1,'824','Голубев А.А.','КПМ-4503, ms-402','15-10-2017','',''),(1,'823','Голубев А.А.','КПМ-4503, стойка №1','15-10-2017','','Подсоединен к устройству рядом с первой стойкой'),(1,'806','Голубев А.А.','КПМ-1420М, ms-201','07-05-2015','','Весит на КЩ, к плате не подсоединен.'),(1,'362','Голубев А. А.','КПМ-4503М, ms-403','16-01-2018','','Отработка ЛЛ'),(2,'692','Голубев А. А.','КПМ-4503М, ms-403','16-01-2018','','Отработка ЛЛ'),(2,'737','Голубев А. А.','КПМ-4503М, ms-403','17-01-2018','','Тест ЛЛ'),(1,'324','Барулин А.С.','КПМ-1600, ms-302','18-015-2013','02-02-2018',''),(1,'141','Кондратов И.Е.','КПМ-4503','19-01-2018','','На спецпроверку'),(1,'142','Кондратов И.Е.','КПМ-4503','19-01-2018','','На спекпроверку'),(1,'143','Кондратов И.Е.','КПМ-4503','19-01-2018','','На спецпроверку'),(2,'144','Кондратов И.Е.','КПМ-4503','19-01-2018','','На спецпроверку'),(2,'145','Кондратов И.Е.','КПМ-4503','19-01-2018','','На спецпроверку'),(1,'146','Кондратов И.Е.','КПМ-4503','19-01-2018','30-01-2018','На спецпроверку'),(1,'147','Кондратов И.Е.','КПМ-4503','19-01-2018','30-01-2018','На спецпроверку'),(1,'31','Кондратов И.Е.','КПМ-4503','19-01-2018','','На спецпроверку'),(1,'10','Кондратов И.Е.','КПМ-4503','19-01-2018','','На спецпроверку'),(1,'34','Кондратов И.Е.','КПМ-4503','19-01-2018','','На спецпроверку'),(1,'29','Кондратов И.Е.','КПМ-4503','19-01-2018','','На спецпроверку'),(1,'32','Кондратов И.Е.','КПМ-4503','19-01-2018','','На спецпроверку'),(1,'33','Кондратов И.Е.','КПМ-4503','19-01-2018','','На спецпровеку'),(1,'317','Кондратов И.Е.','КПМ-4503','19-01-2018','','На спецпроверку'),(2,'322','Кондратов И.Е.','КПМ-4503','19-01-2018','','На спецпроверку'),(2,'13','Кондратов И.Е.','КПМ-4503','19-01-2018','','На спецпроверку'),(2,'17','Кондратов И.Е.','КПМ-4503','19-01-2018','','На спецпроверку'),(1,'28','Кондратов И.Е.','КПМ-4503','19-01-2018','','На спецпроверку'),(1,'27','Кондратов И.Е.','КПМ-4503','19-01-2018','','На спецпроверку'),(1,'30','Кондратов И.Е.','КПМ-4503','19-01-2018','','На спецпроверку'),(1,'37','Глухов М.А.','На рабочее место','30-01-2018','14-02-2018','Тесты'),(2,'311','Петров А.С.','Наливачная, ms-501','08-02-2018','16-02-2018','Тесты/отлатка'),(2,'324','Глухов М.А.','Наливачная, PCBOX 16-005','13-02-2018','13-02-2018',''),(2,'436','Глухов М.А.','Раб. место','14-02-2018','20-02-2018','Встраивание в АДП'),(3,'324','Петров А.С.','На стол к Глухову М.А.','15-02-2018','15-02-2018','Тесты приема-выдачи'),(1,'512','Глухов М.А.','Рабочее место','20-02-2018','21-02-2018',''),(2,'313','Голубев А. А.','ЛЛ (каб. 413)','02-04-2018','','Имитатор входов (отдельно стоящий комп)'),(2,'734','Голубев А. А.','ЛЛ (каб. 413)','03-04-2018','','Для стыковки имитатора выходов и ЛЛ'),(2,'735','Голубев А. А.','ЛЛ (каб. 413)','03-04-2018','03-04-2018','Для стыковки имитатора выходов и ЛЛ'),(1,'837','первый','первый','07-05-2018','07-05-2018','первый'),(2,'837','второй','второй','07-05-2018','08-05-2018','второй'),(3,'837','dfs','third','08-05-2018','','afd'),(1,'839','1','1','1-8-2013','8-5-2018','1'),(2,'839','23','13','2-7-2005','','123'),(2,'407','Савельев В.','РМП-45/70','19-6-2018','18-7-2018','Для автоматизации тестирования (включения/выключения БЦВМ)'),(1,'835','Макаров Г.А.','Летающая лаборатория ЛМК214','26-6-2018','30-8-2018',''),(2,'755','Макаров Г.А.','Летающая лаборатория ЛМК214','26-6-2018','30-8-2018',''),(2,'756','Макаров Г.А.','Летающая лаборатория ЛМК214','26-6-2018','30-8-2018',''),(2,'745','Макаров Г.А.','Летающая лаборатория ЛМК214','26-6-2018','30-8-2018',''),(2,'746','Макаров Г.А.','Летающая лаборатория ЛМК214','26-6-2018','30-8-2018',''),(1,'836','Макаров Г.А.','Летающая лаборатория ЛМК214','26-6-2018','30-8-2018',''),(1,'874','Карманов И.Ю.','КРМП ','7-7-2018','',''),(2,'400','Карманов И.Ю.','КРМП','11-7-2018','',''),(2,'724','Карманов И.Ю.','КРМП','11-7-2018','',''),(1,'797','Карманов И.Ю.','КРМП','11-7-2018','',''),(1,'875','Карманов И.Ю.','КРМП','12-7-2018','',''),(1,'639','Карманов И.Ю.','КРМП','12-7-2018','',''),(1,'634','Карманов И.Ю.','КРМП','12-7-2018','',''),(1,'644','Кармано И.Ю.','КРМП','12-7-2018','',''),(2,'637','Карманов И.Ю.','КРМП','12-7-2018','',''),(2,'736','Карманов И.Ю.','КРМП','12-7-2018','',''),(1,'876','Петров А.С.','Наливочная, ms-501','13-8-2018','10-9-2018',''),(1,'877','Петров А.С.','Наливочная, ms-501','13-8-2018','10-9-2018',''),(2,'633','Петров А.С.','Наливочная, ms-501','13-8-2018','10-9-2018',''),(2,'642','Петров А.С.','Наливочная, ms-501','13-8-2018','10-9-2018',''),(2,'643','Петров А.С.','Наливочная, ms-501','13-8-2018','10-9-2018',''),(1,'596','Петров А.С.','Наливочная, ms-501','13-8-2018','10-9-2018',''),(1,'825','Петров А. С.','Наливочная','27-8-2018','10-9-2018',''),(1,'939','Петров А. С.','Наливочная','27-8-2018','10-9-2018',''),(1,'725','Качалов А. В.','КПМ-1600-1','12-9-2018','',''),(1,'798','Качалов А. В.','КПМ-1600-1','12-9-2018','',''),(3,'407','Качалов А. В.','Раб. место','17-9-2018','17-9-2018',''),(4,'407','Качалов А.В.','Раб. место','20-9-2018','',''),(2,'310','Повалкин Д. М.','Раб. место, тестовый ПК','5-10-2018','5-10-2018',''),(1,'46','Повалкин Д.М.','Раб. место, тестовый ПК','5-10-2018','5-10-2018',''),(3,'308','Повалки Д. М.','Новые стойки КПМ-4503','15-10-2018','','Тестирование астралинукс'),(1,'247','Повалки Д. М.','Новые стойки КПМ-4503','15-10-2018','','Тестирование астралинукс'),(1,'364','Повалки Д. М.','Новые стойки КПМ-4503','15-10-2018','','Тестирование астралинукс'),(1,'828','Повалки Д. М.','Новые стойки КПМ-4503','15-10-2018','12-11-2018','Тестирование астралинукс'),(3,'310','Повалки Д. М.','Новые стойки КПМ-4503','15-10-2018','','Тестирование астралинукс'),(2,'512','Повалки Д. М.','Новые стойки КПМ-4503','15-10-2018','','Тестирование астралинукс'),(1,'215','Повалки Д. М.','Новые стойки КПМ-4503','15-10-2018','','Тестирование астралинукс'),(2,'383','Повалки Д. М.','Новые стойки КПМ-4503','15-10-2018','','Тестирование астралинукс'),(2,'382','Глухов М.А.','Новые стойки КПМ-4503','1-11-2018','2-11-2018','Тесты астры'),(4,'219','Перепечкин С.А.','На спец. проверку Ефремову','6-11-2018','',''),(1,'516','Перепечкин С.А.','На спец. проверку Ефремову','6-11-2018','',''),(2,'828','Осипов Ю.С.','Раб. место','12-11-2018','27-11-2018','Для написание драйвера'),(1,'941','ыв','ыв','21-11-2018','','ва'),(2,'789','БАС','Тест','25-1-2019','25-1-2019','Тест'),(2,'343','Перепечкин С.А.','КПМ-1420-1','5-2-2019','',''),(1,'952','Федорченко Владимир Алексеевич','На черный комп 09.14.МП005932.НК.3-015','8-2-2019','',' Для подыгрывания входов на бинс'),(3,'311','Федорченко Владимир Алексеевич','На черный комп 09.14.МП005932.НК.3-015','11-2-2019','19-2-2019',' Для имитатора изделия БИНС-1ДТ-01'),(2,'596','Федорченко В. А.','КПМ-4503М. Связь с имитатором БИНС-1ДТ','19-2-2019','20-2-2019',''),(3,'643','Федорченко В. А.','КПМ-4503М. Связь с имитатором БИНС-1ДТ','20-2-2019','','Взамен на КСР2-1-С'),(1,'139','Барулин А.С.','Наливочная','8-4-2019','24-5-2019','Для стыковки с имитаторов НВ-45'),(3,'745','Федорченко В.А.','Наливочная, ms-501','13-5-2019','','Для связи с локатором'),(3,'746','Федорченко В.А.','Наливочная, на локатор','13-5-2019','',''),(2,'128','Федорченко Владимир Алексеевич','Наливочная (ms-501), либо ms-403','17-5-2019','17-5-2019',''),(2,'139','Воллобуев','Отправил на Ленинец с pc-box','24-5-2019','',''),(4,'12','Воллобуев','Отправил на Ленинец с pc-box','24-5-2019','6-6-2019',''),(1,'957','Марунков П. А.','КПрМ-4503, Pult','24-5-2019','22-7-2019','Dell (ОО-КПрМ-00200)'),(2,'373','Глухов М.А.','Раб. место','30-5-2019','4-6-2019','Тестирование платы'),(3,'373','Глухов М.А.','Наливочная, ms-501','4-6-2019','','Test'),(3,'755','Федорченко Владимир Алексеевич','Наливочная для te6pci2 локатора','6-6-2019','',''),(2,'742','Федорченко Владимир Алексеевич','На имитатор Локатора в наливочную','14-6-2019','',' Имитатор локатора планируется перенести на 3-тий этаж '),(1,'45','Кондратов И.Е.','КПМ-70М, спецпроверка','24-6-2019','','До отправки храниться в 413 (аквариум))'),(1,'2','Кондратов И.Е.','КПМ-70М, спецпроверка','24-6-2019','','До отправки храниться в 413 (аквариум)'),(1,'3','Кондратов И.Е.','КПМ-70М, спецпроверка','24-6-2019','','До отправки храниться в 413 (аквариум)'),(2,'326','Кондратов И.Е.','КПМ-70М, спецпроверка','24-6-2019','','До отправки храниться в 413 (аквариум)'),(2,'37','Кондратов И.Е.','КПМ-70М, спецпроверка','24-6-2019','','До отправки храниться в 413 (аквариум)'),(1,'39','Кондратов И.Е.','КПМ-70М, спецпроверка','24-6-2019','','До отправки храниться в 413 (аквариум)'),(1,'40','Кондратов И.Е.','КПМ-70М, спецпроверка','24-6-2019','','До отправки храниться в 413 (аквариум)'),(1,'41','Кондратов И.Е.','КПМ-70М, спецпроверка','24-6-2019','','До отправки храниться в 413 (аквариум)'),(1,'42','Кондратов И.Е.','КПМ-70М, спецпроверка','24-6-2019','','До отправки храниться в 413 (аквариум)'),(1,'43','Кондратов И.Е.','КПМ-70М, спецпроверка','24-6-2019','','До отправки храниться в 413 (аквариум)'),(1,'44','Кондратов И.Е.','КПМ-70М, спецпроверка','24-6-2019','','До отправки храниться в 413 (аквариум)'),(2,'124','Кондратов И.Е.','КПМ-70М, спецпроверка','24-6-2019','','До отправки храниться в 413 (аквариум)'),(2,'327','Кондратов И.Е.','КПМ-70М, спецпроверка','24-6-2019','','До отправки храниться в 413 (аквариум)'),(2,'309','Кондратов И.Е.','КПМ-70М, спецпроверка','24-6-2019','','До отправки храниться в 413 (аквариум)'),(1,'240','Кондратов И.Е.','КПМ-70М, спецпроверка','24-6-2019','','До отправки храниться в 413 (аквариум)'),(1,'241','Кондратов И.Е.','КПМ-70М, спецпроверка','24-6-2019','','До отправки храниться в 413 (аквариум)'),(1,'242','Кондратов И.Е.','КПМ-70М, спецпроверка','24-6-2019','','До отправки храниться в 413 (аквариум)'),(1,'243','Кондратов И.Е.','КПМ-70М, спецпроверка','24-6-2019','','До отправки храниться в 413 (аквариум)'),(1,'267','Кондратов И.Е.','КПМ-70М, спецпроверка','24-6-2019','','До отправки храниться в 413 (аквариум)'),(11,'275','Кондратов И.Е.','КПМ-70М, спецпроверка','24-6-2019','','До отправки храниться в 413 (аквариум)'),(1,'276','Кондратов И.Е.','КПМ-70М, спецпроверка','24-6-2019','','До отправки храниться в 413 (аквариум)'),(1,'273','Кондратов И.Е.','КПМ-70М, спецпроверка','24-6-2019','','До отправки храниться в 413 (аквариум)'),(1,'960','Кондратов И.Е.','КПМ-70М, спецпроверка','24-6-2019','','До отправки храниться в 413 (аквариум)'),(1,'920','Кондратов И.Е.','КПМ-70М, спецпроверка','24-6-2019','','До отправки храниться в 413 (аквариум)'),(1,'929','Кондратов И.Е.','КПМ-70М, спецпроверка','24-6-2019','','До отправки храниться в 413 (аквариум)'),(1,'923','Кондратов И.Е.','КПМ-70М, спецпроверка','24-6-2019','','До отправки храниться в 413 (аквариум)'),(1,'925','Кондратов И.Е.','КПМ-70М, спецпроверка','24-6-2019','','До отправки храниться в 413 (аквариум)'),(1,'922','Кондратов И.Е.','КПМ-70М, спецпроверка','24-6-2019','','До отправки храниться в 413 (аквариум)'),(1,'974','Кондратов И.Е.','КПМ-70М, спецпроверка','24-6-2019','','До отправки храниться в 413 (аквариум)'),(1,'862','Кондратов И.Е.','КПМ-70М, спецпроверка','24-6-2019','','До отправки храниться в 413 (аквариум)'),(1,'869','Кондратов И.Е.','КПМ-70М, спецпроверка','24-6-2019','','До отправки храниться в 413 (аквариум)'),(1,'967','Кондратов И.Е.','КПМ-70М, спецпроверка','24-6-2019','','До отправки храниться в 413 (аквариум)'),(1,'971','Кондратов И.Е.','КПМ-70М, спецпроверка','24-6-2019','','До отправки храниться в 413 (аквариум)'),(1,'970','Кондратов И.Е.','КПМ-70М, спецпроверка','24-6-2019','','До отправки храниться в 413 (аквариум)'),(1,'969','Кондратов И.Е.','КПМ-70М, спецпроверка','24-6-2019','','До отправки храниться в 413 (аквариум)'),(1,'968','Кондратов И.Е.','КПМ-70М, спецпроверка','24-6-2019','','До отправки храниться в 413 (аквариум)'),(4,'324','Глухов М.А.','Рабочее место','28-6-2019','1-7-2019',''),(4,'311','Глухов М.А.','Раб. место','28-6-2019','3-7-2019',''),(3,'128','Марунков П. А.','ЛЛ (413)','8-7-2019','',''),(1,'134','Кондратов И.Е.','КПМ-4503М, спецпроверка','18-7-2019','',''),(1,'135','Кондратов И.Е.','КПМ-4503М, спецпроверка','18-7-2019','',''),(1,'136','Кондратов И.Е.','КПМ-4503М, спецпроверка','18-7-2019','',''),(1,'132','Кондратов И.Е.','КПМ-4503М, спецпроверка','18-7-2019','',''),(1,'137','Кондратов И.Е.','КПМ-4503М, спецпроверка','18-7-2019','',''),(2,'146','Кондратов И.Е.','КПМ-4503М, спецпроверка','18-7-2019','',''),(2,'147','Кондратов И.Е.','КПМ-4503М, спецпроверка','18-7-2019','',''),(2,'129','Кондратов И.Е.','КПМ-4503М, спецпроверка','18-7-2019','',''),(1,'130','Кондратов И.Е.','КПМ-4503М, спецпроверка','18-7-2019','',''),(1,'131','Кондратов И.Е.','КПМ-4503М, спецпроверка','18-7-2019','',''),(1,'972','Кондратов И.Е.','КПМ-4503М, спецпроверка','18-7-2019','',''),(1,'868','Кондратов И.Е.','КПМ-4503М, спецпроверка','18-7-2019','',''),(1,'867','Кондратов И.Е.','КПМ-4503М, спецпроверка','18-7-2019','',''),(1,'973','Кондратов И.Е.','КПМ-4503М, спецпроверка','18-7-2019','',''),(1,'861','Кондратов И.Е.','КПМ-4503М, спецпроверка','18-7-2019','',''),(1,'865','Кондратов И.Е.','КПМ-4503М, спецпроверка','18-7-2019','',''),(1,'866','Кондратов И.Е.','КПМ-4503М, спецпроверка','18-7-2019','',''),(1,'870','Кондратов И.Е.','КПМ-4503М, спецпроверка','18-7-2019','',''),(1,'871','Кондратов И.Е.','КПМ-4503М, спецпроверка','18-7-2019','',''),(1,'872','Кондратов И.Е.','КПМ-4503М, спецпроверка','18-7-2019','',''),(1,'927','Кондратов И.Е.','КПМ-4503М, спецпроверка','18-7-2019','',''),(1,'934','Кондратов И.Е.','КПМ-4503М, спецпроверка','18-7-2019','',''),(1,'921','Кондратов И.Е.','КПМ-4503М, спецпроверка','18-7-2019','',''),(1,'958','Кондратов И.Е.','КПМ-4503М, спецпроверка','18-7-2019','',''),(1,'933','Кондратов И.Е.','КПМ-4503М, спецпроверка','18-7-2019','',''),(1,'928','Кондратов И.Е.','КПМ-4503М, спецпроверка','18-7-2019','',''),(1,'961','Кондратов И.Е.','КПМ-4503М, спецпроверка','18-7-2019','',''),(1,'924','Кондратов И.Е.','КПМ-4503М, спецпроверка','18-7-2019','',''),(1,'926','Кондратов И.Е.','КПМ-4503М, спецпроверка','18-7-2019','',''),(1,'930','Кондратов И.Е.','КПМ-4503М, спецпроверка','18-7-2019','',''),(1,'931','Кондратов И.Е.','КПМ-4503М, спецпроверка','18-7-2019','',''),(5,'369','Барулин А. С.','КПМ-1420М, ms-210','6-8-2019','',''),(5,'324','Барулин А. С.','Каб. 413 (ЛЛ версия 2.0)','6-8-2019','',''),(5,'311','Барулин А. С.','Каб. 413 (ЛЛ версия 2.0)','6-8-2019','',''),(1,'4','Барулин А. С.','Каб. 413 (ЛЛ версия 2.0)','6-8-2019','',''),(2,'123','Барулин А. С.','Каб. 413 (ЛЛ версия 2.0)','6-8-2019','',''),(2,'328','Барулин А. С.','Каб. 413 (ЛЛ версия 2.0)','6-8-2019','',''),(1,'935','Барулин А. С.','Каб. 413 (ЛЛ версия 2.0)','6-8-2019','',''),(1,'959','Барулин А. С.','Каб. 413 (ЛЛ версия 2.0)','6-8-2019','','');
/*!40000 ALTER TABLE `records` ENABLE KEYS */;
UNLOCK TABLES;
/*!40103 SET TIME_ZONE=@OLD_TIME_ZONE */;

/*!40101 SET SQL_MODE=@OLD_SQL_MODE */;
/*!40014 SET FOREIGN_KEY_CHECKS=@OLD_FOREIGN_KEY_CHECKS */;
/*!40014 SET UNIQUE_CHECKS=@OLD_UNIQUE_CHECKS */;
/*!40101 SET CHARACTER_SET_CLIENT=@OLD_CHARACTER_SET_CLIENT */;
/*!40101 SET CHARACTER_SET_RESULTS=@OLD_CHARACTER_SET_RESULTS */;
/*!40101 SET COLLATION_CONNECTION=@OLD_COLLATION_CONNECTION */;
/*!40111 SET SQL_NOTES=@OLD_SQL_NOTES */;

-- Dump completed on 2019-08-26 15:42:42
